都道府県コード又は市区町村コード,NO,都道府県名,市区町村名,データ名称,データ概要,データ形式,分類,更新頻度,URL,API対応有無,ライセンス,登録日,最終更新日,備考
221309,8214,静岡県,浜松市,登録禁煙店（飲食店）一覧,受動喫煙防止対策に関する情報登録店：129店舗（2020年6月18日現在）,"CSV XLSX",社会保障・衛生,,https://opendata.pref.shizuoka.jp/dataset/8214.html,有,"表示（CC BY）",2020-06-19,2020-06-19,"kinenten.csv kinenten.xlsx"
221309,8139,静岡県,浜松市,新型コロナウイルスに関する陽性患者数,,"CSV XLSX",社会保障・衛生,,https://opendata.pref.shizuoka.jp/dataset/8139.html,有,"表示（CC BY）",2020-04-06,2020-07-02,"221309_hamamatsu_covid19_patients_summary.csv 221309_hamamatsu_covid19_patients_summary.xlsx"
221309,8113,静岡県,浜松市,新型コロナウイルスに関する検査陽性患者の属性,,"CSV XLSX",社会保障・衛生,,https://opendata.pref.shizuoka.jp/dataset/8113.html,有,"表示（CC BY）",2020-03-31,2020-06-29,"221309_hamamatsu_covid19_patients.csv 221309_hamamatsu_covid19_patients.xlsx"
221309,8109,静岡県,浜松市,新型コロナウイルスに関するPCR検査実施人数,,"CSV XLSX",社会保障・衛生,,https://opendata.pref.shizuoka.jp/dataset/8109.html,有,"表示（CC BY）",2020-03-29,2020-07-02,"221309_hamamatsu_covid19_test_people.csv 221309_hamamatsu_covid19_test_people.xlsx"
221309,8108,静岡県,浜松市,新型コロナウイルス感染症に関する相談件数,,"CSV XLSX",社会保障・衛生,,https://opendata.pref.shizuoka.jp/dataset/8108.html,有,"表示（CC BY）",2020-03-29,2020-07-02,"221309_hamamatsu_covid19_call_center.csv 221309_hamamatsu_covid19_call_center.xlsx"
221309,8103,静岡県,浜松市,液化石油ガス法に係る事業者数,消防年報に記載している液化石油ガス法に係る事業者数の情報（平成30年度）,"CSV XLSX",司法・安全・環境,,https://opendata.pref.shizuoka.jp/dataset/8103.html,有,"表示（CC BY）",2020-03-18,2020-03-18,"hoan_ekika_jigyo.csv hoan_ekika_jigyo.xlsx"
221309,8102,静岡県,浜松市,高圧ガス保安法に係る事務処理件数（貯蔵所、特定高圧ガス消費者及び容器検査所）,消防年報に記載している高圧ガス保安法に係る事業者数（製造事業者及び販売事業者）（平成30年度）,"CSV XLSX",司法・安全・環境,,https://opendata.pref.shizuoka.jp/dataset/8102.html,有,"表示（CC BY）",2020-03-18,2020-03-18,"hoan_gasu_cho_jimu.csv hoan_gasu_cho_jimu.xlsx"
221309,8101,静岡県,浜松市,高圧ガス保安法に係る事業者数（貯蔵所、特定高圧ガス消費者及び容器検査所）,消防年報に記載している高圧ガス保安法に係る事業者数（貯蔵所、特定高圧ガス消費者及び容器検査所）（平成30年度）,"CSV XLSX",司法・安全・環境,,https://opendata.pref.shizuoka.jp/dataset/8101.html,有,"表示（CC BY）",2020-03-18,2020-03-18,"hoan_gasu_cho_jigyo.csv hoan_gasu_cho_jigyo.xlsx"
221309,8100,静岡県,浜松市,高圧ガス保安法に係る事務処理件数（製造事業者及び販売事業者）,消防年報に記載している高圧ガス保安法に係る事務処理件数（製造事業者及び販売事業者）（平成30年度）,"CSV XLSX",司法・安全・環境,,https://opendata.pref.shizuoka.jp/dataset/8100.html,有,"表示（CC BY）",2020-03-18,2020-03-18,"hoan_gasu_sei_jimu.csv hoan_gasu_sei_jimu.xlsx"
221309,8099,静岡県,浜松市,高圧ガス保安法に係る事業者数（製造事業者及び販売事業者）,消防年報に記載している高圧ガス保安法に係る事業者数（製造事業者及び販売事業者）（平成30年度）,"CSV XLSX",司法・安全・環境,,https://opendata.pref.shizuoka.jp/dataset/8099.html,有,"表示（CC BY）",2020-03-18,2020-03-18,"hoan_gasu_sei_jigyo.csv hoan_gasu_sei_jigyo.xlsx"
221309,8098,静岡県,浜松市,危険物関係事務処理の状況,消防年報に記載している危険物施設数の情報（平成30年度）,"CSV XLSX",司法・安全・環境,,https://opendata.pref.shizuoka.jp/dataset/8098.html,有,"表示（CC BY）",2020-03-18,2020-03-18,"kikenbutsu_jimu.csv kikenbutsu_jimu.xlsx"
221309,8090,静岡県,浜松市,緊急消防援助隊　合同訓練,消防年報に記載している緊急消防援助隊　合同訓練参加状況（平成30年度）,"CSV XLSX",司法・安全・環境,,https://opendata.pref.shizuoka.jp/dataset/8090.html,有,"表示（CC BY）",2020-03-12,2020-03-12,"enjyotai_kunren.csv enjyotai_kunren.xlsx"
221309,8089,静岡県,浜松市,緊急消防援助隊　登録の状況,消防年報に記載している緊急消防援助隊　登録の状況（平成30年度）平成31年度4月1日現在,"CSV XLSX",司法・安全・環境,,https://opendata.pref.shizuoka.jp/dataset/8089.html,有,"表示（CC BY）",2020-03-12,2020-03-12,"enjyotai_touroku.csv enjyotai_touroku.xlsx"
221309,8030,静岡県,浜松市,建設工事関連業務委託入札結果（平成29?30年度）,平成29年度より入札方法を項目に追加しました,"CSV XLSX",行財政,,https://opendata.pref.shizuoka.jp/dataset/8030.html,有,"表示（CC BY）",2020-02-07,2020-02-07,"nyusatsukekka_itaku.csv nyusatsukekka_itaku.xlsx"
221309,8029,静岡県,浜松市,建設工事入札結果（平成29?30年度）,建設工事の入札結果平成29年度分より入札方法を項目として追加しました,"CSV XLSX",行財政,,https://opendata.pref.shizuoka.jp/dataset/8029.html,有,"表示（CC BY）",2020-02-07,2020-02-07,"nyusatsukekka_koji.csv nyusatsukekka_koji.xlsx"
221309,8006,静岡県,浜松市,高齢者福祉行政の基礎調査(世帯区分別世帯数）,高齢者の世帯区分別世帯数（平成31年度）,"XLSX CSV",人口・世帯,,https://opendata.pref.shizuoka.jp/dataset/8006.html,有,"表示（CC BY）",2020-01-07,2020-01-07,"kourei_setaisuu.xlsx kourei_setaisuu.csv"
221309,8005,静岡県,浜松市,高齢者福祉行政の基礎調査（世帯区分別高齢者人口）,市内の高齢者の世帯状況（平成31年度）,"CSV XLSX",人口・世帯,,https://opendata.pref.shizuoka.jp/dataset/8005.html,有,"表示（CC BY）",2020-01-07,2020-01-07,"kourei_setaikubun.csv kourei_setaikubun.xlsx"
221309,8004,静岡県,浜松市,高齢者福祉行政の基礎調査（年齢階層別・男女別人口）,年齢階層別・男女別人口（平成31年度）,"CSV XLSX",人口・世帯,,https://opendata.pref.shizuoka.jp/dataset/8004.html,有,"表示（CC BY）",2020-01-07,2020-01-07,"kourei_jinkou.csv kourei_jinkou.xlsx"
221309,8003,静岡県,浜松市,風しん抗体検査委託医療機関（CRS対策）,先天性風しん症候群(CRS)予防対策の風しんの抗体検査を行う委託医療機関一覧（2019年11月1日現在）,"CSV XLSX",社会保障・衛生,,https://opendata.pref.shizuoka.jp/dataset/8003.html,有,"表示（CC BY）",2020-01-07,2020-01-29,"huushinkoutai.csv huushinkoutai.xlsx"
221309,8002,静岡県,浜松市,風しん追加的対策委託医療機関,成人男性の風しん抗体検査・定期予防接種を行う委託医療機関一覧（2019年11月1日現在）,"CSV XLSX",社会保障・衛生,,https://opendata.pref.shizuoka.jp/dataset/8002.html,有,"表示（CC BY）",2020-01-07,2020-01-29,"huushintsuikatekitaisaku.csv huushintsuikatekitaisaku.xlsx"
221309,8001,静岡県,浜松市,予防接種委託医療機関（高齢者用肺炎球菌）,高齢者の肺炎球菌定期予防接種を行う委託医療機関一覧（2019年11月1日現在）,"CSV XLSX",社会保障・衛生,,https://opendata.pref.shizuoka.jp/dataset/8001.html,有,"表示（CC BY）",2020-01-07,2020-01-29,"yobou_kouhai.csv yobou_kouhai.xlsx"
221309,8000,静岡県,浜松市,予防接種委託医療機関（高齢者インフルエンザ）,高齢者のインフルエンザ定期予防接種を行う委託医療機関一覧（2019年11月1日現在）,"CSV XLSX",社会保障・衛生,,https://opendata.pref.shizuoka.jp/dataset/8000.html,有,"表示（CC BY）",2020-01-07,2020-01-29,"yobou_kouinhuru.csv yobou_kouinhuru.xlsx"
221309,7677,静岡県,浜松市,新規食品衛生台帳（2014年4月～2017年3月）,"新規食品営業許可取得施設一覧です。（2014年4月～2017年3月） 2019年2月14日よりファイル名を変更し、年度ごとのファイルから1つのファイルになりました。","CSV XLS",商業・サービス業,,https://opendata.pref.shizuoka.jp/dataset/7677.html,有,"表示（CC BY）",2019-02-14,2019-03-08,"syokuhineiseidaityou201404-201703.csv syokuhineiseidaityou201404-201703.xls"
221309,6738,静岡県,浜松市,防災ヘリポート所在地,防災ヘリポートの名称や位置等の一覧です。,"XLSX CSV HTML",司法・安全・環境,,https://opendata.pref.shizuoka.jp/dataset/fuji-422.html,有,"表示（CC BY）",2016-04-15,2018-07-17,"bousai_heri.xlsx bousai_heri.csv http://www.city.hamamatsu.shizuoka.jp/kiki/bousaikeikaku/index.html"
221309,6737,静岡県,浜松市,自主防災組織,地域防災計画（資料編）に記載している組織名等の一覧,"CSV XLSX",司法・安全・環境,,https://opendata.pref.shizuoka.jp/dataset/fuji-421.html,有,"表示（CC BY）",2016-04-15,2019-10-29,"jishubou.csv jishubou.xlsx"
221309,6736,静岡県,浜松市,緊急避難場所（災害種別ごと）,地域防災計画（資料編）に記載している名称・区分等の一覧,"CSV XLSX",司法・安全・環境,,https://opendata.pref.shizuoka.jp/dataset/fuji-420.html,有,"表示（CC BY）",2016-04-15,2019-10-29,"kinkyu_saigaibetu.csv kinkyu_saigaibetu.xlsx"
221309,6735,静岡県,浜松市,避難所,地域防災計画（資料編）に記載している名称・位置等の一覧,"CSV XLSX",司法・安全・環境,,https://opendata.pref.shizuoka.jp/dataset/fuji-419.html,有,"表示（CC BY）",2016-04-15,2019-10-29,"hinanjyo.csv hinanjyo.xlsx"
221309,6734,静岡県,浜松市,津波避難場所,地域防災計画（資料編）に記載している名称・位置等の一覧,"CSV XLSX",司法・安全・環境,,https://opendata.pref.shizuoka.jp/dataset/fuji-418.html,有,"表示（CC BY）",2016-04-15,2019-10-29,"tsunami_buil.csv tsunami_buil.xlsx"
221309,6733,静岡県,浜松市,住居表示実施町一覧,住居表示を実施した町の一覧です。,"XLS CSV HTML",住宅・土地・建設,,https://opendata.pref.shizuoka.jp/dataset/fuji-417.html,有,"表示（CC BY）",2016-04-15,2016-04-15,"jyukyohyouji.xls jyukyohyouji.csv https://www.city.hamamatsu.shizuoka.jp/gyousei/address/jukyo_hyoji/jukyo-hyoji_2.html"
221309,6732,静岡県,浜松市,行政区別面積（中区）,浜松市中区の町・字別面積です。,"XLS CSV HTML",国土・気象,,https://opendata.pref.shizuoka.jp/dataset/fuji-416.html,有,"表示（CC BY）",2016-04-15,2016-04-15,"nakaku_menseki.xls nakaku_menseki.csv http://www.city.hamamatsu.shizuoka.jp/gyousei/library/3_tochi-kisyou/006_tochi_kishou.html"
221309,6731,静岡県,浜松市,行政区別面積（東区）,浜松市東区の町・字別面積です。,"XLS CSV HTML",国土・気象,,https://opendata.pref.shizuoka.jp/dataset/fuji-415.html,有,"表示（CC BY）",2016-04-15,2016-04-15,"higashiku_menseki.xls higashiku_menseki.csv http://www.city.hamamatsu.shizuoka.jp/gyousei/library/3_tochi-kisyou/006_tochi_kishou.html"
221309,6730,静岡県,浜松市,行政区別面積（西区）,浜松市西区の町・字別面積です。,"XLS CSV HTML",国土・気象,,https://opendata.pref.shizuoka.jp/dataset/fuji-414.html,有,"表示（CC BY）",2016-04-15,2016-04-15,"nishiku_jinkou.xls nishiku_jinkou.csv http://www.city.hamamatsu.shizuoka.jp/gyousei/library/3_tochi-kisyou/006_tochi_kishou.html"
221309,6729,静岡県,浜松市,行政区別面積（南区）,浜松市南区の町・字別面積です。,"XLS CSV HTML",国土・気象,,https://opendata.pref.shizuoka.jp/dataset/fuji-413.html,有,"表示（CC BY）",2016-04-15,2016-04-15,"minamiku_menseki.xls minamiku_menseki.csv http://www.city.hamamatsu.shizuoka.jp/gyousei/library/3_tochi-kisyou/006_tochi_kishou.html"
221309,6728,静岡県,浜松市,行政区別面積（北区）,浜松市北区の町・字別面積です。,"XLS CSV HTML",国土・気象,,https://opendata.pref.shizuoka.jp/dataset/fuji-412.html,有,"表示（CC BY）",2016-04-15,2016-04-15,"kitaku_menseki.xls kitaku_menseki.csv http://www.city.hamamatsu.shizuoka.jp/gyousei/library/3_tochi-kisyou/006_tochi_kishou.html"
221309,6727,静岡県,浜松市,行政区別面積（天竜区）,浜松市天竜区の町・字別面積です。,"XLS CSV HTML",国土・気象,,https://opendata.pref.shizuoka.jp/dataset/fuji-411.html,有,"表示（CC BY）",2016-04-15,2016-04-15,"tenryuku_menseki.xls tenryuku_menseki.csv http://www.city.hamamatsu.shizuoka.jp/gyousei/library/3_tochi-kisyou/006_tochi_kishou.html"
221309,6726,静岡県,浜松市,指定自立支援医療機関【精神通院】（病院・診療所）,自立支援医療（精神通院）指定医療機関一覧（病院・診療所）です。,"CSV XLSX",社会保障・衛生,,https://opendata.pref.shizuoka.jp/dataset/fuji-410.html,有,"表示（CC BY）",2016-04-15,2019-05-23,"jiritsusien_byouin.csv .csv jiritsusien_byouin.csv .xlsx"
221309,6725,静岡県,浜松市,指定自立支援医療機関【精神通院】（薬局）,自立支援医療（精神通院）指定医療機関一覧（薬局）です。,"CSV XLSX",社会保障・衛生,,https://opendata.pref.shizuoka.jp/dataset/fuji-409.html,有,"表示（CC BY）",2016-04-15,2019-05-23,"jiritsusien_yakkyoku.csv jiritsusien_yakkyoku.xlsx"
221309,6724,静岡県,浜松市,指定自立支援医療機関【精神通院】（訪問看護）,自立支援医療（精神通院）指定医療機関一覧（訪問看護）です。,"CSV XLSX",社会保障・衛生,,https://opendata.pref.shizuoka.jp/dataset/fuji-408.html,有,"表示（CC BY）",2016-04-15,2019-05-23,"jiritsusien_kango.csv jiritsusien_kango.xlsx"
221309,6723,静岡県,浜松市,特定保健指導実施医療機関一覧,浜松市国保特定保健指導実施医療機関一覧です。,"CSV XLS",社会保障・衛生,,https://opendata.pref.shizuoka.jp/dataset/fuji-407.html,有,"表示（CC BY）",2016-04-18,2019-02-15,"kokuho_sidou.csv kokuho_sidou.xls"
221309,6722,静岡県,浜松市,特定健診実施医療機関一覧,浜松市国保特定健診の実施医療機関一覧です。,"CSV XLS",社会保障・衛生,,https://opendata.pref.shizuoka.jp/dataset/fuji-406.html,有,"表示（CC BY）",2016-04-18,2019-02-15,"kokuho_kensin.csv kokuho_kensin.xls"
221309,6721,静岡県,浜松市,理容所台帳,市内理容所一覧（2020年5月末現在）,"CSV XLSX",商業・サービス業,,https://opendata.pref.shizuoka.jp/dataset/fuji-405.html,有,"表示（CC BY）",2016-04-19,2020-06-17,"riyoujyo.csv riyoujyo.xlsx"
221309,6720,静岡県,浜松市,美容所台帳,市内美容所一覧（2020年5月末現在）,"CSV XLSX",商業・サービス業,,https://opendata.pref.shizuoka.jp/dataset/fuji-404.html,有,"表示（CC BY）",2016-04-19,2020-06-17,"biyoujyo.csv biyoujyo.xlsx"
221309,6719,静岡県,浜松市,クリーニング所（一般）台帳,市内クリーニング所（一般）一覧（2020年5月末現在）,"CSV XLSX",商業・サービス業,,https://opendata.pref.shizuoka.jp/dataset/fuji-403.html,有,"表示（CC BY）",2016-04-19,2020-06-17,"cleaning_ippan.csv cleaning_ippan.xlsx"
221309,6718,静岡県,浜松市,クリーニング所（取次）台帳,市内クリーニング所（取次）一覧（2020年5月末現在）,"CSV XLSX",商業・サービス業,,https://opendata.pref.shizuoka.jp/dataset/fuji-402.html,有,"表示（CC BY）",2016-04-19,2020-06-17,"cleaning_toritugi.csv cleaning_toritugi.xlsx"
221309,6717,静岡県,浜松市,ふれあい交流センター,"施設の所在地、電話番号、利用時間等の一覧です。（2020年4月1日発行高齢者福祉のしおりより） 2020年4月1日より名称変更（老人福祉センター　→　ふれあい交流センター）","CSV XLSX",社会保障・衛生,,https://opendata.pref.shizuoka.jp/dataset/fuji-401.html,有,"表示（CC BY）",2016-04-19,2020-06-29,"221309_hamamatsu_fureai_kouryu.csv 221309_hamamatsu_fureai_kouryu.xlsx"
221309,6716,静岡県,浜松市,養護老人ホーム施設一覧,施設の所在地、電話番号等の一覧です。（2020年4月1日発行高齢者福祉のしおりより）,"CSV XLSX",社会保障・衛生,,https://opendata.pref.shizuoka.jp/dataset/fuji-400.html,有,"表示（CC BY）",2016-04-19,2020-06-29,"221309_hamamatsu_yogo_roujin_home.csv 221309_hamamatsu_yogo_roujin_home.xlsx"
221309,6715,静岡県,浜松市,軽費老人ホーム（Ａ型）一覧,施設の所在地、電話番号等の一覧です。（2020年4月1日発行高齢者福祉のしおりより）,"CSV XLSX",社会保障・衛生,,https://opendata.pref.shizuoka.jp/dataset/fuji-399.html,有,"表示（CC BY）",2016-04-19,2020-06-29,"221309_hamamatsu_keihi_a.csv 221309_hamamatsu_keihi_a.xlsx"
221309,6714,静岡県,浜松市,軽費老人ホーム（ケアハウス）一覧,施設の所在地、電話番号等の一覧です。（2020年4月1日発行　高齢者福祉のしおりより）,"CSV XLSX",社会保障・衛生,,https://opendata.pref.shizuoka.jp/dataset/fuji-398.html,有,"表示（CC BY）",2016-04-19,2020-06-29,"221309_hamamatsu_keihi_care.csv 221309_hamamatsu_keihi_care.xlsx"
221309,6713,静岡県,浜松市,軽費老人ホーム（地域密着型特定施設）一覧,施設の所在地、電話番号等の一覧です。,"CSV XLSX",社会保障・衛生,,https://opendata.pref.shizuoka.jp/dataset/fuji-397.html,有,"表示（CC BY）",2016-04-19,2020-06-29,"221309_hamamatsu_keihi_chiiki.csv 221309_hamamatsu_keihi_chiiki.xlsx"
221309,6712,静岡県,浜松市,有料老人ホーム施設一覧,施設の所在地、事業主体、入居時要件、定員、電話番号等の一覧です。,"CSV XLSX",社会保障・衛生,,https://opendata.pref.shizuoka.jp/dataset/fuji-396.html,有,"表示（CC BY）",2016-04-19,2020-01-08,"yuryo_roujin_home.csv yuryo_roujin_home.xlsx"
221309,6711,静岡県,浜松市,生活支援ハウス施設一覧,施設の所在地、電話番号等の一覧です。（2020年4月1日発行　高齢者福祉のしおりより）,"CSV XLSX",社会保障・衛生,,https://opendata.pref.shizuoka.jp/dataset/fuji-395.html,有,"表示（CC BY）",2016-04-20,2020-06-29,"221309_hamamatsu_seikatsu_sien_house.csv 221309_hamamatsu_seikatsu_sien_house.xlsx"
221309,6710,静岡県,浜松市,住所地特例対象施設（養護老人ホーム、特定施設）一覧,施設の種類、名称、所在地、事業者名、適用開始年月日、定員、電話番号等の一覧です。,"CSV XLSX",社会保障・衛生,,https://opendata.pref.shizuoka.jp/dataset/fuji-394.html,有,"表示（CC BY）",2016-04-20,2020-01-08,"jyushoti_tokurei.csv jyushoti_tokurei.xlsx"
221309,6709,静岡県,浜松市,地域包括支援センター（高齢者相談センター）一覧,施設の名称、所在地、電話番号、活動地区等の一覧です。,"CSV XLSX",社会保障・衛生,,https://opendata.pref.shizuoka.jp/dataset/fuji-393.html,有,"表示（CC BY）",2016-04-20,2020-01-08,"tiiki_hokatu.csv tiiki_hokatu.xlsx"
221309,6708,静岡県,浜松市,医療法人一覧表,名称、事務所所在地、所管の一覧（2020年4月1日現在）,"CSV XLSX",社会保障・衛生,,https://opendata.pref.shizuoka.jp/dataset/fuji-392.html,有,"表示（CC BY）",2016-04-20,2020-05-20,"iryohoujin.csv iryohoujin.xlsx"
221309,6707,静岡県,浜松市,市内子育て支援ひろば一覧,浜松市内25カ所の子育て支援ひろばの一覧です。（2018年10月1日現在）,"XLSX CSV HTML",教育・文化・スポーツ・生活,,https://opendata.pref.shizuoka.jp/dataset/fuji-391.html,有,"表示（CC BY）",2016-04-20,2016-09-02,"sien_hiroba.xlsx sien_hiroba.csv http://www.hamamatsu-pippi.net/tsunagaru/h_kosodate/"
221309,6706,静岡県,浜松市,市内児童館一覧,浜松市内4カ所の児童館の一覧です。,"XLSX CSV HTML",教育・文化・スポーツ・生活,,https://opendata.pref.shizuoka.jp/dataset/fuji-390.html,有,"表示（CC BY）",2016-04-20,2016-09-02,"jidoukan.xlsx jidoukan.csv http://www.hamamatsu-pippi.net/tsunagaru/jido/"
221309,6705,静岡県,浜松市,身体障害者福祉法第15条指定医師名簿,身体障害者診断書・意見書を作成する市内の指定医師名簿（障害区分、医師名、医療機関名、所在地）です。,"CSV XLSX",社会保障・衛生,,https://opendata.pref.shizuoka.jp/dataset/fuji-389.html,有,"表示（CC BY）",2016-04-25,2020-01-08,"ishi_meibo.csv ishi_meibo.xlsx"
221309,6704,静岡県,浜松市,指定自立支援医療機関名簿（病院・診療所）,担当医療名、病院・診療所名、所在地の一覧です。,"CSV XLSX",社会保障・衛生,,https://opendata.pref.shizuoka.jp/dataset/fuji-388.html,有,"表示（CC BY）",2016-04-25,2020-01-08,"sien_byouin.csv sien_byouin.xlsx"
221309,6703,静岡県,浜松市,指定自立支援医療機関名簿（薬局）,薬局名、所在地の一覧です。,"CSV XLSX",社会保障・衛生,,https://opendata.pref.shizuoka.jp/dataset/fuji-387.html,有,"表示（CC BY）",2016-04-25,2020-01-08,"sien_yakkyoku.csv sien_yakkyoku.xlsx"
221309,6702,静岡県,浜松市,指定自立支援医療機関名簿（訪問看護事業者等）,名称、所在地の一覧です。,"CSV XLSX",社会保障・衛生,,https://opendata.pref.shizuoka.jp/dataset/fuji-386.html,有,"表示（CC BY）",2016-04-25,2020-01-08,"sien_kango.csv sien_kango.xlsx"
221309,6701,静岡県,浜松市,応急救護所一覧,浜松市内の応急救護所の設置個所等の一覧です。,"XLSX CSV HTML",社会保障・衛生,,https://opendata.pref.shizuoka.jp/dataset/fuji-385.html,有,"表示（CC BY）",2016-04-26,2016-08-31,"kyugojyo.xlsx kyugojyo.csv http://www.city.hamamatsu.shizuoka.jp/kiki/disaster/bousai/hamamatu_j/bsjoho_06a.html#oukyu02"
221309,6700,静岡県,浜松市,小児慢性特定疾病指定医療機関（病院・診療所）一覧,小児慢性特定疾病医療費助成を受けられる指定医療機関（病院・診療所）一覧です。,"CSV XLSX",社会保障・衛生,,https://opendata.pref.shizuoka.jp/dataset/fuji-384.html,有,"表示（CC BY）",2016-04-26,2019-12-19,"mansei_byoin.csv mansei_byoin.xlsx"
221309,6699,静岡県,浜松市,小児慢性特定疾病指定医療機関（薬局）一覧,小児慢性特定疾病医療費助成を受けられる指定医療機関（薬局）一覧です。,"CSV XLSX",社会保障・衛生,,https://opendata.pref.shizuoka.jp/dataset/fuji-383.html,有,"表示（CC BY）",2016-04-26,2019-12-19,"mansei_yakkyoku.csv mansei_yakkyoku.xlsx"
221309,6698,静岡県,浜松市,小児慢性特定疾病指定医療機関（訪問看護ステーョン）一覧,小児慢性特定疾病医療費助成を受けられる指定医療機関（訪問看護ステーション）一覧です。,"CSV XLSX",社会保障・衛生,,https://opendata.pref.shizuoka.jp/dataset/fuji-382.html,有,"表示（CC BY）",2016-04-26,2019-12-19,"mansei_kango.csv mansei_kango.xlsx"
221309,6697,静岡県,浜松市,予防接種委託医療機関（乳児期）,子供の定期予防接種（乳児期）を行う委託医療機関一覧です。（2019年10月1日現在）,"CSV XLSX",社会保障・衛生,,https://opendata.pref.shizuoka.jp/dataset/fuji-381.html,有,"表示（CC BY）",2016-04-26,2019-12-20,"yobou_nyuyouji.csv yobou_nyuyouji.xlsx"
221309,6696,静岡県,浜松市,予防接種委託医療機関（学童期）,子供の定期予防接種（学童期）を行う委託医療機関一覧です。（2019年10月1日現在）,"CSV XLSX",社会保障・衛生,,https://opendata.pref.shizuoka.jp/dataset/fuji-380.html,有,"表示（CC BY）",2016-04-26,2019-12-20,"yobou_gakudou.csv yobou_gakudou.xlsx"
221309,6694,静岡県,浜松市,妊婦歯科健診実施歯科医療機関,浜松市妊婦歯科健診事業の受託歯科医療機関一覧です。（2019年4月現在）,"CSV XLSX",社会保障・衛生,,https://opendata.pref.shizuoka.jp/dataset/fuji-378.html,有,"表示（CC BY）",2016-04-26,2019-12-09,"ninpu_shika.csv ninpu_shika.xlsx"
221309,6693,静岡県,浜松市,協働センター・ふれあいセンター,浜松市内の協働センター・ふれあいセンター一覧です。（緯度経度入り）,"XLSX CSV HTML",教育・文化・スポーツ・生活,,https://opendata.pref.shizuoka.jp/dataset/fuji-377.html,有,"表示（CC BY）",2016-04-26,2016-09-05,"kyodo_fureai.xlsx kyodo_fureai.csv https://www.city.hamamatsu.shizuoka.jp/shisetsu-annai/kyodo-center/index.html"
221309,6692,静岡県,浜松市,公園・レジャー,浜松市内の公園・レジャー施設一覧,"CSV XLSX",教育・文化・スポーツ・生活,,https://opendata.pref.shizuoka.jp/dataset/fuji-376.html,有,"表示（CC BY）",2016-04-26,2020-04-08,"park_rejya.csv park_rejya.xlsx"
221309,6691,静岡県,浜松市,市民サービスセンター,浜松市内の市民サービスセンター一覧です。（緯度経度入り）,"XLSX CSV HTML",教育・文化・スポーツ・生活,,https://opendata.pref.shizuoka.jp/dataset/fuji-375.html,有,"表示（CC BY）",2016-04-26,2016-09-05,"simincenter.xlsx simincenter.csv https://www.city.hamamatsu.shizuoka.jp/shisetsu-annai/center/index.html"
221309,6690,静岡県,浜松市,図書館,"浜松市の図書館の位置情報です。 https://www.lib-city-hamamatsu.jp/","CSV XLSX",教育・文化・スポーツ・生活,,https://opendata.pref.shizuoka.jp/dataset/fuji-374.html,有,"表示（CC BY）",2016-04-26,2019-04-01,"toshokan.csv toshokan.xlsx"
221309,6689,静岡県,浜松市,庁舎一覧,浜松市内の庁舎一覧です。（緯度経度入り）,"CSV XLSX",行財政,,https://opendata.pref.shizuoka.jp/dataset/fuji-373.html,有,"表示（CC BY）",2016-04-26,2020-04-08,"chousha.csv chousha.xlsx"
221309,6688,静岡県,浜松市,浜松市小学校,浜松市内の小学校一覧です。（緯度経度入り）,"XLSX CSV HTML",教育・文化・スポーツ・生活,,https://opendata.pref.shizuoka.jp/dataset/fuji-372.html,有,"表示（CC BY）",2016-04-26,2017-04-05,"shougakkou.xlsx shougakkou.csv https://www.city.hamamatsu.shizuoka.jp/somu/you-gakkou/shou-ichiran.html"
221309,6687,静岡県,浜松市,浜松市立中学校,浜松市内の中学校一覧です。（緯度経度入り）,"XLSX CSV HTML",教育・文化・スポーツ・生活,,https://opendata.pref.shizuoka.jp/dataset/fuji-371.html,有,"表示（CC BY）",2016-04-26,2017-04-05,"chugakkou.xlsx chugakkou.csv https://www.city.hamamatsu.shizuoka.jp/somu/you-gakkou/chu-ichiran.html"
221309,6686,静岡県,浜松市,浜松市立高等学校,浜松市内の市立高等学校です。（緯度経度入り）,"XLSX CSV HTML",教育・文化・スポーツ・生活,,https://opendata.pref.shizuoka.jp/dataset/fuji-370.html,有,"表示（CC BY）",2016-04-26,2016-09-05,"koukou.xlsx koukou.csv https://www.city.hamamatsu.shizuoka.jp/somu/you-gakkou/kou-ichiran.html"
221309,6685,静岡県,浜松市,文化・教養施設,浜松市内の文化・教養施設一覧,"CSV XLSX",教育・文化・スポーツ・生活,,https://opendata.pref.shizuoka.jp/dataset/fuji-369.html,有,"表示（CC BY）",2016-04-26,2020-04-08,"bunka_kyoyo.csv bunka_kyoyo.xlsx"
221309,6684,静岡県,浜松市,認定こども園一覧,浜松市内における認定こども園の一覧です。（2020年5月末現在）,"CSV XLSX",教育・文化・スポーツ・生活,,https://opendata.pref.shizuoka.jp/dataset/fuji-368.html,有,"表示（CC BY）",2015-12-07,2020-06-16,"kodomoen.csv kodomoen.xlsx"
221309,6683,静岡県,浜松市,市立保育園一覧,浜松市内における市立保育園の一覧です。（2020年5月末現在）,"CSV XLSX",教育・文化・スポーツ・生活,,https://opendata.pref.shizuoka.jp/dataset/fuji-367.html,有,"表示（CC BY）",2016-04-27,2020-06-16,"kouritsu_hoikuen.csv kouritsu_hoikuen.xlsx"
221309,6682,静岡県,浜松市,私立認可保育園一覧,浜松市内における私立認可保育園の一覧です。（2020年5月末現在）,"CSV XLSX",教育・文化・スポーツ・生活,,https://opendata.pref.shizuoka.jp/dataset/fuji-366.html,有,"表示（CC BY）",2016-04-27,2020-06-16,"shiritsu_hoikuen.csv shiritsu_hoikuen.xlsx"
221309,6681,静岡県,浜松市,認証保育所一覧,浜松市内における認証保育所の一覧です。（2020年4月1日現在）,"CSV XLSX",教育・文化・スポーツ・生活,,https://opendata.pref.shizuoka.jp/dataset/fuji-365.html,有,"表示（CC BY）",2016-04-27,2020-05-21,"ninsho_hoiku.csv ninsho_hoiku.xlsx"
221309,6680,静岡県,浜松市,認可外保育施設一覧,浜松市内における認可外保育施設の一覧です。（2020年5月末現在）,"CSV XLSX",教育・文化・スポーツ・生活,,https://opendata.pref.shizuoka.jp/dataset/fuji-364.html,有,"表示（CC BY）",2016-04-27,2020-06-16,"ninkagai_hoiku.csv ninkagai_hoiku.xlsx"
221309,6679,静岡県,浜松市,市立幼稚園一覧,浜松市内における市立幼稚園の一覧です。（2020年5月末現在）,"CSV XLSX",教育・文化・スポーツ・生活,,https://opendata.pref.shizuoka.jp/dataset/fuji-363.html,有,"表示（CC BY）",2016-04-27,2020-06-16,"kouritsu_youtien.csv kouritsu_youtien.xlsx"
221309,6678,静岡県,浜松市,私立幼稚園一覧,浜松市内における私立幼稚園の一覧です。（2020年5月末現在）,"CSV XLSX",教育・文化・スポーツ・生活,,https://opendata.pref.shizuoka.jp/dataset/fuji-362.html,有,"表示（CC BY）",2016-04-27,2020-06-16,"shiritsu_youtien.csv shiritsu_youtien.xlsx"
221309,6676,静岡県,浜松市,市営住宅一覧,市内の市営住宅の構造及び位置（緯度・経度）の一覧です。（2020年2月4日修正）,"CSV XLSX",住宅・土地・建設,,https://opendata.pref.shizuoka.jp/dataset/fuji-360.html,有,"表示（CC BY）",2016-04-27,2020-02-13,"siei_jyutaku.csv siei_jyutaku.xlsx"
221309,6675,静岡県,浜松市,地域型保育事業一覧,浜松市内における地域型保育事業の一覧です。（2020年5月末現在）,"CSV XLSX",教育・文化・スポーツ・生活,,https://opendata.pref.shizuoka.jp/dataset/fuji-359.html,有,"表示（CC BY）",2016-04-27,2020-06-16,"chiiki_hoiku.csv chiiki_hoiku.xlsx"
221309,6674,静岡県,浜松市,類似放課後児童クラブ一覧,市内の類似放課後児童クラブの一覧です。,"CSV XLSX",教育・文化・スポーツ・生活,,https://opendata.pref.shizuoka.jp/dataset/fuji-358.html,有,"表示（CC BY）",2016-05-10,2019-11-13,"ruiji_houkago.csv ruiji_houkago.xlsx"
221309,6673,静岡県,浜松市,放課後児童会一覧,市内の放課後児童会の一覧です。,"CSV XLSX",教育・文化・スポーツ・生活,,https://opendata.pref.shizuoka.jp/dataset/fuji-357.html,有,"表示（CC BY）",2016-05-10,2019-11-21,"houkago_jidou.csv houkago_jidou.xlsx"
221309,6672,静岡県,浜松市,小・中学校通学区域,市立小・中学校に対する通学区域（町名）の一覧です。,"CSV XLSX",教育・文化・スポーツ・生活,,https://opendata.pref.shizuoka.jp/dataset/fuji-356.html,有,"表示（CC BY）",2016-05-10,2019-11-13,"tsugaku_kuiki.csv tsugaku_kuiki.xlsx"
221309,6671,静岡県,浜松市,資源物回収拠点一覧（民間）,民間事業者による古紙・古着等の回収拠点の一覧です。,"CSV HTML",司法・安全・環境,,https://opendata.pref.shizuoka.jp/dataset/fuji-355.html,有,"表示（CC BY）",2016-05-10,2018-09-20,"shigen_kaishu.csv https://www.city.hamamatsu.shizuoka.jp/gomigen/gomi/recycle/shigenbutukaisyuu.html"
221309,6670,静岡県,浜松市,資源物回収拠点一覧（市の施設）,市の施設での資源物の回収状況の一覧です。,"CSV HTML",司法・安全・環境,,https://opendata.pref.shizuoka.jp/dataset/fuji-354.html,有,"表示（CC BY）",2016-05-10,2018-09-20,"shishisetsu_kaishukyoten.csv https://www.city.hamamatsu.shizuoka.jp/gomigen/gomi/recycle/shigenbutukaisyuu.html"
221309,6669,静岡県,浜松市,年齢別人口（浜松市全体）,浜松市全体の年齢別の人口の一覧です。（2020年4月1日現在）,"CSV XLSX",人口・世帯,,https://opendata.pref.shizuoka.jp/dataset/fuji-353.html,有,"表示（CC BY）",2018-12-01,2020-06-17,"hamamatsushi_jinkou.csv hamamatsushi_jinkou.xlsx"
221309,6668,静岡県,浜松市,年齢別人口（浜松市中区）,浜松市中区の年齢別の人口の一覧です。（2020年4月1日現在）,"CSV XLSX",人口・世帯,,https://opendata.pref.shizuoka.jp/dataset/fuji-352.html,有,"表示（CC BY）",2018-12-01,2020-06-17,"nakaku_jinkou.csv nakaku_jinkou.xlsx"
221309,6667,静岡県,浜松市,年齢別人口（浜松市東区）,浜松市東区の年齢別の人口の一覧です。（2020年4月1日現在）,"CSV XLSX",人口・世帯,,https://opendata.pref.shizuoka.jp/dataset/fuji-351.html,有,"表示（CC BY）",2018-12-01,2020-06-17,"higashiku_jinkou.csv higashiku_jinkou.xlsx"
221309,6666,静岡県,浜松市,年齢別人口（浜松市西区）,浜松市西区の年齢別の人口の一覧です。（2020年4月1日現在）,"CSV XLSX",人口・世帯,,https://opendata.pref.shizuoka.jp/dataset/fuji-350.html,有,"表示（CC BY）",2018-12-01,2020-06-17,"nishiku_jinkou.csv nishiku_jinkou.xlsx"
221309,6665,静岡県,浜松市,年齢別人口（浜松市南区）,浜松市南区の年齢別の人口の一覧です。（2020年4月1日現在）,"CSV XLSX",人口・世帯,,https://opendata.pref.shizuoka.jp/dataset/fuji-349.html,有,"表示（CC BY）",2018-12-01,2020-06-17,"minamiku_jinkou.csv minamiku_jinkou.xlsx"
221309,6664,静岡県,浜松市,年齢別人口（浜松市北区）,浜松市北区の年齢別の人口の一覧です。（2020年4月1日現在）,"CSV XLSX",人口・世帯,,https://opendata.pref.shizuoka.jp/dataset/fuji-348.html,有,"表示（CC BY）",2018-12-01,2020-06-17,"kitaku_jinkou.csv kitaku_jinkou.xlsx"
221309,6663,静岡県,浜松市,年齢別人口（浜松市浜北区）,浜松市浜北区の年齢別の人口の一覧です。（2020年4月1日現在）,"CSV XLSX",人口・世帯,,https://opendata.pref.shizuoka.jp/dataset/fuji-347.html,有,"表示（CC BY）",2018-12-01,2020-06-17,"hamakitaku_jinkou.csv hamakitaku_jinkou.xlsx"
221309,6662,静岡県,浜松市,年齢別人口（浜松市天竜区）,浜松市天竜区の年齢別の人口の一覧です。（2020年4月1日現在）,"CSV XLSX",人口・世帯,,https://opendata.pref.shizuoka.jp/dataset/fuji-346.html,有,"表示（CC BY）",2018-12-01,2020-06-17,"tenryuku_jinkou.csv tenryuku_jinkou.xlsx"
221309,6661,静岡県,浜松市,ごみカレンダー番号町別一覧,町別のごみカレンダー番号の一覧（2020年度）です。,CSV,司法・安全・環境,,https://opendata.pref.shizuoka.jp/dataset/fuji-345.html,有,"表示（CC BY）",2016-05-24,2020-02-12,matibetuitiran.csv
221309,6660,静岡県,浜松市,ごみ・資源物品目別収集日一覧,ごみ・資源物の収集日の年間スケジュール（2020年度）です。,CSV,司法・安全・環境,,https://opendata.pref.shizuoka.jp/dataset/fuji-344.html,有,"表示（CC BY）",2016-05-24,2020-02-12,syusyubiitiran.csv
221309,6659,静岡県,浜松市,ごみ・資源物分別品目一覧,ごみ・資源物の品目別の分別方法です。（2019年10月現在）,CSV,司法・安全・環境,,https://opendata.pref.shizuoka.jp/dataset/fuji-343.html,有,"表示（CC BY）",2016-05-24,2020-02-12,bunbetukubunitiran.csv
221309,6658,静岡県,浜松市,新規食品衛生台帳（2017年4月～）,"新規食品営業許可取得施設一覧です。（2017年4月～2020年5月） 2019年2月14日よりファイル名を変更し、年度ごとのファイルから1つのファイルになりました。","CSV XLSX",商業・サービス業,,https://opendata.pref.shizuoka.jp/dataset/fuji-342.html,有,"表示（CC BY）",2016-08-12,2020-06-09,"syokuhineiseidaityou.csv syokuhineiseidaityou.xlsx"
221309,6657,静岡県,浜松市,浜松市営駐車場,市営駐車場の一覧です。,"CSV XLSX",商業・サービス業,,https://opendata.pref.shizuoka.jp/dataset/fuji-341.html,有,"表示（CC BY）",2016-08-22,2019-11-13,"shieityuusyajyo.csv shieityuusyajyo.xlsx"
221309,6656,静岡県,浜松市,施術所一覧,市内の施術所一覧（2020年6月1日現在）,"CSV XLSX",社会保障・衛生,,https://opendata.pref.shizuoka.jp/dataset/fuji-340.html,有,"表示（CC BY）",2016-09-27,2020-06-12,"sejyutsujyo.csv sejyutsujyo.xlsx"
221309,6655,静岡県,浜松市,遺体安置所,地域防災計画（資料編）に記載している遺体安置所の名称・位置等の一覧,"CSV XLSX",司法・安全・環境,,https://opendata.pref.shizuoka.jp/dataset/fuji-339.html,有,"表示（CC BY）",2016-11-08,2019-10-29,"antizyo.csv antizyo.xlsx"
221309,6654,静岡県,浜松市,避難対象地区（津波危険予想地域、推進計画区域）,地域防災計画（資料編）に記載している避難対象地区（津波危険予想地域、推進計画区域）の町名・人口等の一覧（平成22年10月1日現在）,"XLS CSV HTML",司法・安全・環境,,https://opendata.pref.shizuoka.jp/dataset/fuji-338.html,有,"表示（CC BY）",2016-11-08,2018-09-05,"tsunamihinantaisyoutiku.xls tsunamihinantaisyoutiku.csv https://www.city.hamamatsu.shizuoka.jp/kiki/bousaikeikaku/index.html"
221309,6653,静岡県,浜松市,要避難地区(延焼火災危険予想地域),地域防災計画（資料編）に記載している要避難地区(延焼火災危険予想地域)の町名・人口等の一覧（平成22年10月1日現在）,"XLS CSV HTML",司法・安全・環境,,https://opendata.pref.shizuoka.jp/dataset/fuji-337.html,有,"表示（CC BY）",2016-11-08,2018-09-05,"ensyoukasaikikenyouhinantiku.xls ensyoukasaikikenyouhinantiku.csv https://www.city.hamamatsu.shizuoka.jp/kiki/bousaikeikaku/index.html"
221309,6652,静岡県,浜松市,がん検診実施医療機関一覧,浜松市がん検診の実施医療機関一覧（2019年11月19日現在）,"CSV XLSX",社会保障・衛生,,https://opendata.pref.shizuoka.jp/dataset/fuji-336.html,有,"表示（CC BY）",2016-11-08,2019-11-28,"gankensiniryoukikan.csv gankensiniryoukikan.xlsx"
221309,6650,静岡県,浜松市,浜松市所管の特定非営利活動法人,"浜松市内に主たる事務所を設置する浜松市所管の特定非営利活動法人一覧 2020年5月29日現在","CSV XLSX",企業・家計・経済,,https://opendata.pref.shizuoka.jp/dataset/fuji-334.html,有,"表示（CC BY）",2016-11-08,2020-06-29,"tokuteihieirikatudouhouzin.csv tokuteihieirikatudouhouzin.xlsx"
221309,6649,静岡県,浜松市,入札参加資格登録者名簿（業務委託・賃貸借）,業務委託・賃貸借の入札参加資格登録者の名簿（2019年10月21日時点）,"CSV XLSX",労働・賃金,,https://opendata.pref.shizuoka.jp/dataset/fuji-333.html,有,"表示（CC BY）",2016-11-09,2019-11-11,"nyuusatusikakusyameibo_gyoumuitaku.csv nyuusatusikakusyameibo_gyoumuitaku.xlsx"
221309,6648,静岡県,浜松市,入札参加資格登録者名簿（物品購入）,物品購入の入札参加資格登録者の名簿（2019年10月21日時点）,"CSV XLSX",労働・賃金,,https://opendata.pref.shizuoka.jp/dataset/fuji-332.html,有,"表示（CC BY）",2016-11-09,2019-11-11,"nyuusatusikakusyameibo_buppin.csv nyuusatusikakusyameibo_buppin.xlsx"
221309,6647,静岡県,浜松市,市内業者格付名簿（土木一式）,市内の建設工事入札参加登録業者（土木一式）の格付名簿,"XLS CSV HTML",労働・賃金,,https://opendata.pref.shizuoka.jp/dataset/fuji-331.html,有,"表示（CC BY）",2016-11-09,2018-10-03,"kakudukemeibo_doboku.xls kakudukemeibo_doboku.csv http://www.city.hamamatsu.shizuoka.jp/tyotatu/bid/construction/index.html"
221309,6646,静岡県,浜松市,市内業者格付名簿（建築一式）,市内の建設工事入札参加登録業者（建築一式）の格付名簿,"XLS CSV HTML",労働・賃金,,https://opendata.pref.shizuoka.jp/dataset/fuji-330.html,有,"表示（CC BY）",2016-11-09,2018-10-03,"kakudukemeibo_kennchiku.xls kakudukemeibo_kennchiku.csv http://www.city.hamamatsu.shizuoka.jp/tyotatu/bid/construction/index.html"
221309,6645,静岡県,浜松市,市内業者格付名簿（電気）,市内の建設工事入札参加登録業者（電気）の格付名簿,"XLS CSV HTML",労働・賃金,,https://opendata.pref.shizuoka.jp/dataset/fuji-329.html,有,"表示（CC BY）",2016-11-09,2018-10-03,"kakudukemeibo_dennki.xls kakudukemeibo_dennki.csv http://www.city.hamamatsu.shizuoka.jp/tyotatu/bid/construction/index.html"
221309,6644,静岡県,浜松市,市内業者格付名簿（管）,市内の建設工事入札参加登録業者（管）の格付名簿,"XLS CSV HTML",労働・賃金,,https://opendata.pref.shizuoka.jp/dataset/fuji-328.html,有,"表示（CC BY）",2016-11-09,2018-10-03,"kakudukemeibo_kan.xls kakudukemeibo_kan.csv http://www.city.hamamatsu.shizuoka.jp/tyotatu/bid/construction/index.html"
221309,6643,静岡県,浜松市,市内業者格付名簿（水道管）,市内の建設工事入札参加登録業者（水道管）の格付名簿,"XLSX CSV HTML",労働・賃金,,https://opendata.pref.shizuoka.jp/dataset/fuji-327.html,有,"表示（CC BY）",2016-11-09,2018-10-03,"kakudukemeibo_suidoukann.xlsx kakudukemeibo_suidoukann.csv http://www.city.hamamatsu.shizuoka.jp/tyotatu/bid/construction/index.html"
221309,6642,静岡県,浜松市,旅館業台帳,市内旅館一覧（2020年3月末現在）,"CSV XLSX",商業・サービス業,,https://opendata.pref.shizuoka.jp/dataset/fuji-326.html,有,"表示（CC BY）",2016-11-14,2020-04-23,"ryokangyoudaityou.csv ryokangyoudaityou.xlsx"
221309,6641,静岡県,浜松市,建設工事関連業務委託入札参加資格登録業者名簿（準市内）,"建設工事関連業務委託の入札参加資格登録者（準市内）の名簿（令和元・2年度） 2019年10月更新","CSV XLSX",労働・賃金,,https://opendata.pref.shizuoka.jp/dataset/fuji-325.html,有,"表示（CC BY）",2016-11-15,2019-10-30,"itakujunnsinai.csv itakujunnsinai.xlsx"
221309,6640,静岡県,浜松市,建設工事関連業務委託入札参加資格登録業者名簿（市外）,"建設工事関連業務委託の入札参加資格登録者（市外）の名簿（令和元・2年度） 2019年10月更新","CSV XLSX",労働・賃金,,https://opendata.pref.shizuoka.jp/dataset/fuji-324.html,有,"表示（CC BY）",2016-11-15,2019-10-30,"itakusigai.csv itakusigai.xlsx"
221309,6639,静岡県,浜松市,建設工事関連業務委託入札参加資格登録業者名簿（市内）,"建設工事関連業務委託の入札参加資格登録者（市内）の名簿（令和元年・2年度） 2019年10月更新","CSV XLSX",労働・賃金,,https://opendata.pref.shizuoka.jp/dataset/fuji-323.html,有,"表示（CC BY）",2016-11-15,2019-10-30,"itakusinai.csv itakusinai.xlsx"
221309,6638,静岡県,浜松市,建設工事入札参加資格登録業者名簿（準市内）,"建設工事の入札参加資格登録者（準市内）の名簿（令和元・2年度） 2019年10月更新","CSV XLSX",労働・賃金,,https://opendata.pref.shizuoka.jp/dataset/fuji-322.html,有,"表示（CC BY）",2016-11-15,2019-11-08,"kojijunnsinai.csv kojijunnsinai.xlsx"
221309,6637,静岡県,浜松市,建設工事入札参加資格登録業者名簿（市外）,"建設工事の入札参加資格登録者（市外）の名簿（令和元・2年度） 2019年10月更新","CSV XLSX",労働・賃金,,https://opendata.pref.shizuoka.jp/dataset/fuji-321.html,有,"表示（CC BY）",2016-11-15,2019-11-08,"kojisigai.csv kojisigai.xlsx"
221309,6636,静岡県,浜松市,建設工事入札参加資格登録業者名簿（市内）,"建設工事の入札参加資格登録者（市内）の名簿（令和元・2年度） 2019年10月更新","CSV XLSX",労働・賃金,,https://opendata.pref.shizuoka.jp/dataset/fuji-320.html,有,"表示（CC BY）",2016-11-15,2019-11-08,"kojisinai.csv kojisinai.xlsx"
221309,6634,静岡県,浜松市,公衆浴場台帳,市内公衆浴場一覧（2020年3月末現在）,"CSV XLSX",商業・サービス業,,https://opendata.pref.shizuoka.jp/dataset/fuji-318.html,有,"表示（CC BY）",2016-11-18,2020-04-20,"kousyuyokujyo.csv kousyuyokujyo.xlsx"
221309,6633,静岡県,浜松市,建築物衛生管理業台帳,市内建築物衛生管理業登録営業所一覧（2020年3月末現在）,"CSV XLSX",企業・家計・経済,,https://opendata.pref.shizuoka.jp/dataset/fuji-317.html,有,"表示（CC BY）",2016-11-18,2020-04-20,"kentikubutsueiseikanrigyou.csv kentikubutsueiseikanrigyou.xlsx"
221309,6632,静岡県,浜松市,特定建築物台帳,市内特定建築物一覧（2020年3月末現在）,"CSV XLSX",企業・家計・経済,,https://opendata.pref.shizuoka.jp/dataset/fuji-316.html,有,"表示（CC BY）",2016-11-18,2020-04-20,"tokuteikentikubutsu.csv tokuteikentikubutsu.xlsx"
221309,6631,静岡県,浜松市,指定管理者制度導入施設一覧,公の施設のうち、指定管理者制度を導入している施設の一覧,"XLS CSV HTML",企業・家計・経済,,https://opendata.pref.shizuoka.jp/dataset/fuji-315.html,有,"表示（CC BY）",2016-11-18,2018-01-09,"siteikanrisyasisetsu.xls siteikanrisyasisetsu.csv https://www.city.hamamatsu.shizuoka.jp/asset/shiteikanri/itiran.html"
221309,6630,静岡県,浜松市,サービス付き高齢者向け住宅物件一覧,サービス付き高齢者向け住宅の所在地、物件詳細、管理会社等の一覧,"CSV XLSX",企業・家計・経済,,https://opendata.pref.shizuoka.jp/dataset/fuji-314.html,有,"表示（CC BY）",2016-11-22,2020-05-21,"servicekoureisyajyutaku.csv servicekoureisyajyutaku.xlsx"
221309,6629,静岡県,浜松市,高齢者向け優良賃貸住宅物件一覧,高齢者向け優良賃貸住宅の所在地、物件詳細、管理会社等の一覧（2020年1月20日修正）,"CSV XLSX",企業・家計・経済,,https://opendata.pref.shizuoka.jp/dataset/fuji-313.html,有,"表示（CC BY）",2016-11-22,2020-02-13,"koureisyayuuryotintaijyutaku.csv koureisyayuuryotintaijyutaku.xlsx"
221309,6627,静岡県,浜松市,介護保険事業者【介護予防支援事業所（地域包括支援センター）】,市内の介護保険事業者【介護予防支援事業所（地域包括支援センター）】一覧,"XLS CSV HTML",社会保障・衛生,,https://opendata.pref.shizuoka.jp/dataset/fuji-311.html,有,"表示（CC BY）",2016-12-05,2018-06-25,"kaigohokenzigyousya_1.xls kaigohokenzigyousya_1.csv https://www.city.hamamatsu.shizuoka.jp/kaigo/care_net/tebiki.html"
221309,6626,静岡県,浜松市,介護保険事業者【居宅介護支援事業所（ケアマネジャーの事業所）】,市内の介護保険事業者【居宅介護支援事業所（ケアマネジャーの事業所）】一覧,"CSV XLSX",社会保障・衛生,,https://opendata.pref.shizuoka.jp/dataset/fuji-310.html,有,"表示（CC BY）",2016-12-05,2020-03-06,"kaigohokenzigyousya_2.csv kaigohokenzigyousya_2.xlsx"
221309,6625,静岡県,浜松市,介護保険事業者【訪問介護（ホームヘルプ）】,市内の介護保険事業者【訪問介護（ホームヘルプ）】一覧,"CSV XLSX",社会保障・衛生,,https://opendata.pref.shizuoka.jp/dataset/fuji-309.html,有,"表示（CC BY）",2016-12-05,2020-03-06,"kaigohokenzigyousya_3.csv kaigohokenzigyousya_3.xlsx"
221309,6624,静岡県,浜松市,介護保険事業者【訪問入浴介護】,市内の介護保険事業者【訪問入浴介護】一覧,"CSV XLSX",社会保障・衛生,,https://opendata.pref.shizuoka.jp/dataset/fuji-308.html,有,"表示（CC BY）",2016-12-05,2020-03-06,"kaigohokenzigyousya_4.csv kaigohokenzigyousya_4.xlsx"
221309,6623,静岡県,浜松市,介護保険事業者【訪問看護】,市内の介護保険事業者【訪問看護】一覧,"CSV XLSX",社会保障・衛生,,https://opendata.pref.shizuoka.jp/dataset/fuji-307.html,有,"表示（CC BY）",2016-12-05,2020-03-06,"kaigohokenzigyousya_5.csv kaigohokenzigyousya_5.xlsx"
221309,6622,静岡県,浜松市,介護保険事業者【訪問リハビリテーション】,市内の介護保険事業者【訪問リハビリテーション】一覧,"CSV XLSX",社会保障・衛生,,https://opendata.pref.shizuoka.jp/dataset/fuji-306.html,有,"表示（CC BY）",2016-12-05,2020-03-06,"kaigohokenzigyousya_6.csv kaigohokenzigyousya_6.xlsx"
221309,6621,静岡県,浜松市,介護保険事業者【居宅療養管理指導】,市内の介護保険事業者【居宅療養管理指導】一覧,"CSV XLSX",社会保障・衛生,,https://opendata.pref.shizuoka.jp/dataset/fuji-305.html,有,"表示（CC BY）",2016-12-05,2020-03-06,"kaigohokenzigyousya_7.csv kaigohokenzigyousya_7.xlsx"
221309,6620,静岡県,浜松市,介護保険事業者【定期巡回・随時対応型訪問介護看護】,市内の介護保険事業者【定期巡回・随時対応型訪問介護看護】一覧,"CSV XLSX",社会保障・衛生,,https://opendata.pref.shizuoka.jp/dataset/fuji-304.html,有,"表示（CC BY）",2016-12-05,2020-03-06,"kaigohokenzigyousya_8.csv kaigohokenzigyousya_8.xlsx"
221309,6619,静岡県,浜松市,介護保険事業者【通所介護（デイサービス）】,市内の介護保険事業者【通所介護（デイサービス）】一覧,"XLS CSV HTML",社会保障・衛生,,https://opendata.pref.shizuoka.jp/dataset/fuji-303.html,有,"表示（CC BY）",2016-12-05,2018-06-29,"kaigohokenzigyousya_9.xls kaigohokenzigyousya_9.csv https://www.city.hamamatsu.shizuoka.jp/kaigo/care_net/tebiki.html"
221309,6618,静岡県,浜松市,介護保険事業者【地域密着型通所介護（デイサービス）】,市内の介護保険事業者【地域密着型通所介護（デイサービス）】一覧,"XLS CSV HTML",社会保障・衛生,,https://opendata.pref.shizuoka.jp/dataset/fuji-302.html,有,"表示（CC BY）",2016-12-05,2018-06-29,"kaigohokenzigyousya_10.xls kaigohokenzigyousya_10.csv https://www.city.hamamatsu.shizuoka.jp/kaigo/care_net/tebiki.html"
221309,6617,静岡県,浜松市,介護保険事業者【通所リハビリテーション（デイケア）】,市内の介護保険事業者【通所リハビリテーション（デイケア）】一覧,"CSV XLSX",社会保障・衛生,,https://opendata.pref.shizuoka.jp/dataset/fuji-301.html,有,"表示（CC BY）",2016-12-05,2020-03-06,"kaigohokenzigyousya_11.csv kaigohokenzigyousya_11.xlsx"
221309,6616,静岡県,浜松市,介護保険事業者【認知症対応型通所介護】,市内の介護保険事業者【認知症対応型通所介護】一覧,"CSV XLSX",社会保障・衛生,,https://opendata.pref.shizuoka.jp/dataset/fuji-300.html,有,"表示（CC BY）",2016-12-05,2020-03-06,"kaigohokenzigyousya_12.csv kaigohokenzigyousya_12.xlsx"
221309,6615,静岡県,浜松市,介護保険事業者【短期入所生活介護（福祉系ショートステイ）】,市内の介護保険事業者【短期入所生活介護（福祉系ショートステイ）】一覧,"CSV XLSX",社会保障・衛生,,https://opendata.pref.shizuoka.jp/dataset/fuji-299.html,有,"表示（CC BY）",2016-12-05,2020-03-06,"kaigohokenzigyousya_13.csv kaigohokenzigyousya_13.xlsx"
221309,6614,静岡県,浜松市,介護保険事業者【短期入所療養介護（医療系ショートステイ）】,市内の介護保険事業者【短期入所療養介護（医療系ショートステイ）】一覧,"CSV XLSX",社会保障・衛生,,https://opendata.pref.shizuoka.jp/dataset/fuji-298.html,有,"表示（CC BY）",2016-12-05,2020-03-06,"kaigohokenzigyousya_14.csv kaigohokenzigyousya_14.xlsx"
221309,6613,静岡県,浜松市,介護保険事業者【福祉用具貸与】,市内の介護保険事業者【福祉用具貸与】一覧,"XLS CSV HTML",社会保障・衛生,,https://opendata.pref.shizuoka.jp/dataset/fuji-297.html,有,"表示（CC BY）",2016-12-05,2018-07-02,"kaigohokenzigyousya_15.xls kaigohokenzigyousya_15.csv https://www.city.hamamatsu.shizuoka.jp/kaigo/care_net/tebiki.html"
221309,6612,静岡県,浜松市,介護保険事業者【特定福祉用具販売】,市内の介護保険事業者【特定福祉用具販売】一覧,"XLS CSV HTML",社会保障・衛生,,https://opendata.pref.shizuoka.jp/dataset/fuji-296.html,有,"表示（CC BY）",2016-12-05,2018-07-02,"kaigohokenzigyousya_16.xls kaigohokenzigyousya_16.csv https://www.city.hamamatsu.shizuoka.jp/kaigo/care_net/tebiki.html"
221309,6611,静岡県,浜松市,介護保険事業者【小規模多機能型居宅介護】,市内の介護保険事業者【小規模多機能型居宅介護】一覧,"XLS CSV HTML",社会保障・衛生,,https://opendata.pref.shizuoka.jp/dataset/fuji-295.html,有,"表示（CC BY）",2016-12-05,2018-07-02,"kaigohokenzigyousya_17.xls kaigohokenzigyousya_17.csv https://www.city.hamamatsu.shizuoka.jp/kaigo/care_net/tebiki.html"
221309,6610,静岡県,浜松市,介護保険事業者【看護小規模多機能型居宅介護】,市内の介護保険事業者【看護小規模多機能型居宅介護】一覧,"XLS CSV HTML",社会保障・衛生,,https://opendata.pref.shizuoka.jp/dataset/fuji-294.html,有,"表示（CC BY）",2016-12-05,2018-07-02,"kaigohokenzigyousya_18.xls kaigohokenzigyousya_18.csv https://www.city.hamamatsu.shizuoka.jp/kaigo/care_net/tebiki.html"
221309,6609,静岡県,浜松市,介護保険事業者【特定施設入居者生活介護】,市内の介護保険事業者【特定施設入居者生活介護】一覧,"XLS CSV HTML",社会保障・衛生,,https://opendata.pref.shizuoka.jp/dataset/fuji-293.html,有,"表示（CC BY）",2016-12-05,2018-07-06,"kaigohokenzigyousya_19.xls kaigohokenzigyousya_19.csv https://www.city.hamamatsu.shizuoka.jp/kaigo/care_net/tebiki.html"
221309,6608,静岡県,浜松市,介護保険事業者【地域密着型特定施設入居者生活介護】,市内の介護保険事業者【地域密着型特定施設入居者生活介護】一覧,"XLS CSV HTML",社会保障・衛生,,https://opendata.pref.shizuoka.jp/dataset/fuji-292.html,有,"表示（CC BY）",2016-12-05,2018-07-06,"kaigohokenzigyousya_20.xls kaigohokenzigyousya_20.csv https://www.city.hamamatsu.shizuoka.jp/kaigo/care_net/tebiki.html"
221309,6607,静岡県,浜松市,介護保険事業者【認知症対応型共同生活介護（グループホーム）】,市内の介護保険事業者【認知症対応型共同生活介護（グループホーム）】一覧,"XLS CSV HTML",社会保障・衛生,,https://opendata.pref.shizuoka.jp/dataset/fuji-291.html,有,"表示（CC BY）",2016-12-05,2018-07-06,"kaigohokenzigyousya_21.xls kaigohokenzigyousya_21.csv https://www.city.hamamatsu.shizuoka.jp/kaigo/care_net/tebiki.html"
221309,6606,静岡県,浜松市,介護保険事業者【地域密着型介護老人福祉施設入所者生活介護】,市内の介護保険事業者【地域密着型介護老人福祉施設入所者生活介護】一覧,"XLS CSV HTML",社会保障・衛生,,https://opendata.pref.shizuoka.jp/dataset/fuji-290.html,有,"表示（CC BY）",2016-12-05,2018-07-06,"kaigohokenzigyousya_22.xls kaigohokenzigyousya_22.csv https://www.city.hamamatsu.shizuoka.jp/kaigo/care_net/tebiki.html"
221309,6605,静岡県,浜松市,介護保険事業者【介護老人福祉施設（特別養護老人ホーム）】,市内の介護保険事業者【介護老人福祉施設（特別養護老人ホーム）】一覧,"XLS CSV HTML",社会保障・衛生,,https://opendata.pref.shizuoka.jp/dataset/fuji-289.html,有,"表示（CC BY）",2016-12-05,2018-07-06,"kaigohokenzigyousya_23.xls kaigohokenzigyousya_23.csv https://www.city.hamamatsu.shizuoka.jp/kaigo/care_net/tebiki.html"
221309,6604,静岡県,浜松市,介護保険事業者【介護老人保健施設（老人保健施設）】,市内の介護保険事業者【介護老人保健施設（老人保健施設）】一覧,"XLS CSV HTML",社会保障・衛生,,https://opendata.pref.shizuoka.jp/dataset/fuji-288.html,有,"表示（CC BY）",2016-12-05,2018-07-06,"kaigohokenzigyousya_24.xls kaigohokenzigyousya_24.csv https://www.city.hamamatsu.shizuoka.jp/kaigo/care_net/tebiki.html"
221309,6603,静岡県,浜松市,介護保険事業者【介護療養型医療施設（療養病床等）】,市内の介護保険事業者【介護療養型医療施設（療養病床等）】一覧,"XLS CSV HTML",社会保障・衛生,,https://opendata.pref.shizuoka.jp/dataset/fuji-287.html,有,"表示（CC BY）",2016-12-05,2018-07-06,"kaigohokenzigyousya_25.xls kaigohokenzigyousya_25.csv https://www.city.hamamatsu.shizuoka.jp/kaigo/care_net/tebiki.html"
221309,6602,静岡県,浜松市,"HAMAMATSU FREE Wi-Fi設置施設","HAMAMATSU FREE Wi-Fiを設置している施設の一覧","CSV HTML",運輸・観光,,https://opendata.pref.shizuoka.jp/dataset/fuji-286.html,有,"表示（CC BY）",2016-12-14,2018-10-03,"hamamatsufree_wifi.csv http://hamamatsu-free-wifi.com/"
221309,6601,静岡県,浜松市,浜松市公共施設情報,浜松市が保有する建物、土地の情報です。県と市町のFM研究会で定めた共通フォーマットに準拠しています。,"CSV HTML",行財政,,https://opendata.pref.shizuoka.jp/dataset/fuji-285.html,有,"表示（CC BY）",2016-12-26,2016-12-26,"基本（浜松市）.csv https://www.city.hamamatsu.shizuoka.jp/asset/karute/index.html 土地（浜松市）.csv 建物（浜松市）.csv"
221309,6600,静岡県,浜松市,指定等文化財等一覧表（有形文化財）,国・県指定を含む指定文化財（有形文化財）等の一覧表,"XLS CSV HTML",運輸・観光,,https://opendata.pref.shizuoka.jp/dataset/fuji-284.html,有,"表示（CC BY）",2017-04-04,2018-10-15,"yukeibunkazai.xls yukeibunkazai.csv http://www.city.hamamatsu.shizuoka.jp/bunkazai/shitei/list.html"
221309,6599,静岡県,浜松市,指定等文化財等一覧表（民族文化財）,国・県指定を含む指定文化財（民族文化財）等の一覧表,"XLS CSV HTML",運輸・観光,,https://opendata.pref.shizuoka.jp/dataset/fuji-283.html,有,"表示（CC BY）",2017-04-04,2018-10-15,"minzokubunkazai.xls minzokubunkazai.csv http://www.city.hamamatsu.shizuoka.jp/bunkazai/shitei/list.html"
221309,6598,静岡県,浜松市,指定等文化財等一覧表（記念物）,国・県指定を含む指定文化財（記念物）等の一覧表,"XLS CSV HTML",運輸・観光,,https://opendata.pref.shizuoka.jp/dataset/fuji-282.html,有,"表示（CC BY）",2017-04-04,2018-10-15,"kinenbutsu.xls kinenbutsu.csv http://www.city.hamamatsu.shizuoka.jp/bunkazai/shitei/list.html"
221309,6597,静岡県,浜松市,浜松市建設工事関連業務委託の発注見通し（2020年4月1日現在）,2020年4月1日から2021年3月末日までの発注見通しです。・公表後に、変更、中止、または追加が生じることがありますので、ご了承ください。,"CSV XLSX",行財政,,https://opendata.pref.shizuoka.jp/dataset/fuji-281.html,有,"表示（CC BY）",2017-04-17,2020-04-27,"hattyumitoushi_itaku.csv hattyumitoushi_itaku.xlsx"
221309,6596,静岡県,浜松市,浜松市建設工事の発注見通し（2020年4月1日現在）,2020年4月1日から2021年3月末日までの発注見通しです。公表後に、変更、中止、または追加が生じることがありますので、ご了承ください。,"CSV XLSX",行財政,,https://opendata.pref.shizuoka.jp/dataset/fuji-280.html,有,"表示（CC BY）",2017-04-17,2020-04-27,"hattyumitoushi_koji.csv hattyumitoushi_koji.xlsx"
221309,6595,静岡県,浜松市,火葬件数,市内斎場全体の年度別火葬件数（平成23（2011年）年度～令和元（2019年）年度）,"CSV XLSX",社会保障・衛生,,https://opendata.pref.shizuoka.jp/dataset/fuji-279.html,有,"表示（CC BY）",2017-04-26,2020-06-29,"kasoukensu.csv kasoukensu.xlsx"
221309,6594,静岡県,浜松市,ペット火葬件数,市内斎場別ペット類の死がい等火葬月別件数（2016年4月～2020年3月）,"CSV XLSX",社会保障・衛生,,https://opendata.pref.shizuoka.jp/dataset/fuji-278.html,有,"表示（CC BY）",2017-04-26,2020-06-29,"petkasou.csv petkasou.xlsx"
221309,6593,静岡県,浜松市,斎場式場使用件数,浜松斎場及び雄踏斎場の式場使用月別件数（2016年4月～2020年3月）,"CSV XLSX",社会保障・衛生,,https://opendata.pref.shizuoka.jp/dataset/fuji-277.html,有,"表示（CC BY）",2017-04-26,2020-06-29,"saijyosikijyosiyoukensu.csv saijyosikijyosiyoukensu.xlsx"
221309,6592,静岡県,浜松市,主要生活物資価格調査結果表,主要生活物資価格の調査結果（平成29年度）平成29年度で終了,"CSV XLSX",企業・家計・経済,,https://opendata.pref.shizuoka.jp/dataset/fuji-276.html,有,"表示（CC BY）",2017-04-26,2020-02-13,"seikatsubusshikakaku.csv seikatsubusshikakaku.xlsx"
221309,6591,静岡県,浜松市,消費生活相談件数,消費生活相談件数（平成28（2016）年度～平成30（2019）年度）,"CSV XLSX",企業・家計・経済,,https://opendata.pref.shizuoka.jp/dataset/fuji-275.html,有,"表示（CC BY）",2017-04-26,2020-02-13,"syohiseikatusoudan.csv syohiseikatusoudan.xlsx"
221309,6590,静岡県,浜松市,市民相談の件数,年度ごとの市民相談件数（平成23（2011）年度～平成30（2018）年度）,"CSV XLSX",企業・家計・経済,,https://opendata.pref.shizuoka.jp/dataset/fuji-274.html,有,"表示（CC BY）",2017-04-26,2020-02-13,"shiminsoudan.csv shiminsoudan.xlsx"
221309,6589,静岡県,浜松市,民事相談の件数,年度ごとの民事相談の内訳件数（平成23（2011）年度～平成30（2018）年度）,"CSV XLSX",企業・家計・経済,,https://opendata.pref.shizuoka.jp/dataset/fuji-273.html,有,"表示（CC BY）",2017-04-26,2020-02-13,"minjisoudan_utiwake.csv minjisoudan_utiwake.xlsx"
221309,6588,静岡県,浜松市,建設工事関連業務委託入札結果（平成25?28年度）,項目の中に入札方法が入っていません年度ごとのファイルになっていたデータをひとつにまとめました（2020/2/7）,CSV,行財政,,https://opendata.pref.shizuoka.jp/dataset/fuji-272.html,有,"表示（CC BY）",2017-06-19,2020-02-07,nyusatsukekka_itaku_13-16.csv
221309,6587,静岡県,浜松市,建設工事入札結果（平成25?28年度）,建設工事の入札結果項目の中に入札方法が入っていません年度ごとのファイルになっていたデータをひとつにまとめました（2020/2/7）,"CSV XLSX",行財政,,https://opendata.pref.shizuoka.jp/dataset/fuji-271.html,有,"表示（CC BY）",2017-06-19,2020-02-07,"nyusatsukekka_koji_13-16.csv nyusatsukekka_koji_13-16.xlsx"
221309,6586,静岡県,浜松市,業務委託随意契約結果一覧,業務委託の随意契約結果一覧（2015年1月?2019年6月）,"XLSX CSV",行財政,,https://opendata.pref.shizuoka.jp/dataset/fuji-270.html,有,"表示（CC BY）",2017-06-20,2019-11-12,"gyomuitaku_keiyakukekka.xlsx gyomuitaku_keiyakukekka.csv"
221309,6585,静岡県,浜松市,外郭団体との随意契約締結状況報告書,外郭団体との随意契約締結状況の公表,"CSV XLSX",行財政,,https://opendata.pref.shizuoka.jp/dataset/fuji-269.html,有,"表示（CC BY）",2017-06-20,2019-08-07,"gaikakudantaikeiyaku.csv gaikakudantaikeiyaku.xlsx"
221309,6584,静岡県,浜松市,外郭団体との随意契約締結状況（公益社団法人シルバー人材センター）,外郭団体との随意契約締結状況の公表（公益社団法人シルバー人材センター）,"CSV XLSX",行財政,,https://opendata.pref.shizuoka.jp/dataset/fuji-268.html,有,"表示（CC BY）",2017-06-20,2019-08-07,"gaikakudantaikeiyaku_silver.csv gaikakudantaikeiyaku_silver.xlsx"
221309,6583,静岡県,浜松市,業務委託・賃貸借発注見通し,当該年度の業務委託・賃貸借の発注見通し,"XLS CSV HTML",行財政,,https://opendata.pref.shizuoka.jp/dataset/fuji-267.html,有,"表示（CC BY）",2017-07-14,2018-10-11,"hattyumitoushi_itakuchintaisyaku.xls hattyumitoushi_itakuchintaisyaku.csv http://www.city.hamamatsu.shizuoka.jp/sangyo/hatchu/chintaishaku/index.html"
221309,6582,静岡県,浜松市,物品購入発注見通し,当該年度の物品購入の発注見通し,"XLS CSV HTML",行財政,,https://opendata.pref.shizuoka.jp/dataset/fuji-266.html,有,"表示（CC BY）",2017-07-14,2018-10-11,"hattyumitoushi_buppin.xls hattyumitoushi_buppin.csv http://www.city.hamamatsu.shizuoka.jp/tyotatu/bid/goods/index.html"
221309,6581,静岡県,浜松市,歯科技工所,市内の歯科技工所一覧（2020年4月1日現在）,"CSV XLSX",社会保障・衛生,,https://opendata.pref.shizuoka.jp/dataset/fuji-265.html,有,"表示（CC BY）",2017-09-29,2020-05-20,"shikagikoujo.csv shikagikoujo.xlsx"
221309,6580,静岡県,浜松市,給付金情報,給付金情報（抜粋）,"CSV XLSX",社会保障・衛生,,https://opendata.pref.shizuoka.jp/dataset/fuji-264.html,有,"表示（CC BY）",2017-10-10,2020-06-25,"kyuuhukin.csv kyuuhukin.xlsx"
221309,6579,静岡県,浜松市,事業型墓地台帳,市内事業型墓地一覧（2020年3月末現在）,"CSV XLSX",住宅・土地・建設,,https://opendata.pref.shizuoka.jp/dataset/fuji-263.html,有,"表示（CC BY）",2018-04-02,2020-04-20,"jigyougataboti.csv jigyougataboti.xlsx"
221309,6578,静岡県,浜松市,薬局,市内の薬局一覧（2020年6月1日現在）,"CSV XLSX",社会保障・衛生,,https://opendata.pref.shizuoka.jp/dataset/fuji-262.html,有,"表示（CC BY）",2018-05-10,2020-06-12,"yakkyoku.csv yakkyoku.xlsx"
221309,6577,静岡県,浜松市,医薬品販売業【店舗販売業】,市内の医薬品販売業者【店舗販売業】一覧（2020年6月1日現在）,"CSV XLSX",社会保障・衛生,,https://opendata.pref.shizuoka.jp/dataset/fuji-261.html,有,"表示（CC BY）",2018-05-10,2020-06-12,"iyakuhinhanbaigyou_tenpo.csv iyakuhinhanbaigyou_tenpo.xlsx"
221309,6576,静岡県,浜松市,医薬品販売業【卸売販売業】,市内の医薬品販売業者【卸売販売業】一覧（2020年6月1日現在）,"CSV XLSX",社会保障・衛生,,https://opendata.pref.shizuoka.jp/dataset/fuji-260.html,有,"表示（CC BY）",2018-05-10,2020-06-12,"iyakuhinhanbaigyou_oroshiuri.csv iyakuhinhanbaigyou_oroshiuri.xlsx"
221309,6575,静岡県,浜松市,毒物劇物販売業【一般】,市内の毒物劇物販売業者【一般】一覧（2020年4月1日現在）,"CSV XLSX",社会保障・衛生,,https://opendata.pref.shizuoka.jp/dataset/fuji-259.html,有,"表示（CC BY）",2018-05-11,2020-05-20,"dokugeki_ippan.csv dokugeki_ippan.xlsx"
221309,6574,静岡県,浜松市,毒物劇物販売業【農業用品目】,市内の毒物劇物販売業者【農業用品目】一覧（2020年4月1日現在）,"CSV XLSX",社会保障・衛生,,https://opendata.pref.shizuoka.jp/dataset/fuji-258.html,有,"表示（CC BY）",2018-05-11,2020-05-20,"dokugeki_nougyou.csv dokugeki_nougyou.xlsx"
221309,6573,静岡県,浜松市,毒物劇物販売業【特定品目】,市内の毒物劇物販売業者【特定品目】一覧（2020年4月1日現在）,"CSV XLSX",社会保障・衛生,,https://opendata.pref.shizuoka.jp/dataset/fuji-257.html,有,"表示（CC BY）",2018-05-11,2020-05-20,"dokugeki_tokutei.csv dokugeki_tokutei.xlsx"
221309,6572,静岡県,浜松市,高度管理医療機器等販売業・貸与業,市内の高度管理医療機器等販売業・貸与業者一覧（2020年4月1日現在）,"CSV XLSX",社会保障・衛生,,https://opendata.pref.shizuoka.jp/dataset/fuji-256.html,有,"表示（CC BY）",2018-05-11,2020-05-20,"koudokanriiryou.csv koudokanriiryou.xlsx"
221309,6571,静岡県,浜松市,病院,市内の病院一覧（2020年4月1日現在）,"CSV XLSX",社会保障・衛生,,https://opendata.pref.shizuoka.jp/dataset/fuji-255.html,有,"表示（CC BY）",2018-05-14,2020-05-20,"byouin.csv byouin.xlsx"
221309,6570,静岡県,浜松市,診療所【医科】,市内の診療所【医科】一覧（2020年4月1日現在）,"CSV XLSX",社会保障・衛生,,https://opendata.pref.shizuoka.jp/dataset/fuji-254.html,有,"表示（CC BY）",2018-05-14,2020-05-20,"shinryoujo_ika.csv shinryoujo_ika.xlsx"
221309,6569,静岡県,浜松市,診療所【歯科】,市内の診療所【歯科】一覧（2020年4月1日現在）,"CSV XLSX",社会保障・衛生,,https://opendata.pref.shizuoka.jp/dataset/fuji-253.html,有,"表示（CC BY）",2018-05-14,2020-05-20,"shinryoujo_shika.csv shinryoujo_shika.xlsx"
221309,6568,静岡県,浜松市,助産所,市内の助産所一覧（2020年4月1日現在）,"CSV XLSX",社会保障・衛生,,https://opendata.pref.shizuoka.jp/dataset/fuji-252.html,有,"表示（CC BY）",2018-05-14,2020-05-20,"josanjo.csv josanjo.xlsx"
221309,6567,静岡県,浜松市,薬局製造販売医薬品　製造業・製造販売業,市内の薬局製造販売医薬品製造業・製造販売業者一覧（2020年4月1日）,"CSV XLSX",社会保障・衛生,,https://opendata.pref.shizuoka.jp/dataset/fuji-251.html,有,"表示（CC BY）",2018-06-04,2020-05-20,"yakkyoku_seizouhanbai.csv yakkyoku_seizouhanbai.xlsx"
221309,6566,静岡県,浜松市,消防施設一覧,消防年報に記載している消防署所等の名称・位置等の一覧（平成30年度）平成29年度版からの変更はありません,"XLS CSV",司法・安全・環境,,https://opendata.pref.shizuoka.jp/dataset/fuji-250.html,有,"表示（CC BY）",2018-07-30,2020-03-10,"syouboushisetsu.xls syouboushisetsu.csv"
221309,6565,静岡県,浜松市,119番等の受信及び利用状況【災害等受信状況】,消防年報に記載している119番通報件数等の情報【災害等受信状況】（平成30年度）,"CSV XLSX",司法・安全・環境,,https://opendata.pref.shizuoka.jp/dataset/fuji-249.html,有,"表示（CC BY）",2018-07-30,2020-03-12,"119jushin_saigai.csv 119jushin_saigai.xlsx"
221309,6564,静岡県,浜松市,119番等の受信及び利用状況【年別災害等受信状況】,消防年報に記載している119番通報件数等の情報【年別災害等受信状況】（平成30年度）,"CSV XLSX",司法・安全・環境,,https://opendata.pref.shizuoka.jp/dataset/fuji-248.html,有,"表示（CC BY）",2018-07-30,2020-03-12,"119jushin_nenbetsu.csv 119jushin_nenbetsu.xlsx"
221309,6563,静岡県,浜松市,119番等の受信及び利用状況【メール119・FAX119による受信状況】,消防年報に記載している119番通報件数等の情報【メール119・FAX119による受信状況】(平成30年度）,"CSV XLSX",司法・安全・環境,,https://opendata.pref.shizuoka.jp/dataset/fuji-247.html,有,"表示（CC BY）",2018-07-30,2020-03-12,"119jushin_mail_fax.csv 119jushin_mail_fax.xlsx"
221309,6562,静岡県,浜松市,119番等の受信及び利用状況【テレホンガイド利用状況】,消防年報に記載している119番通報件数等の情報【テレホンガイド利用状況】(平成30年度）,"CSV XLSX",司法・安全・環境,,https://opendata.pref.shizuoka.jp/dataset/fuji-246.html,有,"表示（CC BY）",2018-07-30,2020-03-12,"119jushin_terehonguide.csv 119jushin_terehonguide.xlsx"
221309,6561,静岡県,浜松市,危険物施設数の状況,消防年報に記載している危険物施設数の情報（平成30年度）,"CSV XLSX",司法・安全・環境,,https://opendata.pref.shizuoka.jp/dataset/fuji-245.html,有,"表示（CC BY）",2018-07-31,2020-03-18,"kikenbutsushisetsu.csv kikenbutsushisetsu.xlsx"
221309,6560,静岡県,浜松市,月別火災状況（火災種別）,消防年報に記載している火災件数等の情報　【月別火災状況（火災種別）】(平成30年度）,"CSV XLSX",司法・安全・環境,,https://opendata.pref.shizuoka.jp/dataset/fuji-244.html,有,"表示（CC BY）",2018-08-03,2020-03-19,"kasaitsukibetsu_shubetsu.csv kasaitsukibetsu_shubetsu.xlsx"
221309,6559,静岡県,浜松市,月別火災状況（出火時刻）,消防年報に記載している火災件数等の情報　【月別火災状況（出火時刻）】（平成30年度）,"CSV XLSX",司法・安全・環境,,https://opendata.pref.shizuoka.jp/dataset/fuji-243.html,有,"表示（CC BY）",2018-08-03,2020-03-19,"kasaitsukibetsu_jikoku.csv kasaitsukibetsu_jikoku.xlsx"
221309,6558,静岡県,浜松市,月別火災状況（気象状況）,消防年報に記載している火災件数等の情報　【月別火災状況（気象状況）】（平成30年度）,"CSV XLSX",司法・安全・環境,,https://opendata.pref.shizuoka.jp/dataset/fuji-242.html,有,"表示（CC BY）",2018-08-03,2020-03-19,"kasaitsukibetsu_kisyou.csv kasaitsukibetsu_kisyou.xlsx"
221309,6557,静岡県,浜松市,原因別火災状況（火災種別）,消防年報に記載している火災件数等の情報　【原因別火災状況（火災種別）】（平成30年度）,"CSV XLSX",司法・安全・環境,,https://opendata.pref.shizuoka.jp/dataset/fuji-241.html,有,"表示（CC BY）",2018-08-03,2020-03-19,"kasaigenin_shubetsu.csv kasaigenin_shubetsu.xlsx"
221309,6556,静岡県,浜松市,原因別火災状況（出火時刻）,消防年報に記載している火災件数等の情報　【原因別火災状況（出火時刻）】（平成30年度）,"CSV XLSX",司法・安全・環境,,https://opendata.pref.shizuoka.jp/dataset/fuji-240.html,有,"表示（CC BY）",2018-08-03,2020-03-19,"kasaigenin_jikoku.csv kasaigenin_jikoku.xlsx"
221309,6555,静岡県,浜松市,原因別火災状況（気象状況）,消防年報に記載している火災件数等の情報　【原因別火災状況（気象状況）】（平成30年度）,"CSV XLSX",司法・安全・環境,,https://opendata.pref.shizuoka.jp/dataset/fuji-239.html,有,"表示（CC BY）",2018-08-03,2020-03-19,"kasaigenin_kisyou.csv kasaigenin_kisyou.xlsx"
221309,6554,静岡県,浜松市,種別・用途別火災状況【署別】,消防年報に記載している火災件数等の情報　種別・用途別火災状況【署別】（平成30年度）,"CSV XLSX",司法・安全・環境,,https://opendata.pref.shizuoka.jp/dataset/fuji-238.html,有,"表示（CC BY）",2018-08-03,2020-03-19,"shubetsuyouto_sho.csv shubetsuyouto_sho.xlsx"
221309,6553,静岡県,浜松市,種別・用途別火災状況【月別】,消防年報に記載している火災件数等の情報　種別・用途別火災状況【月別】（平成30年度）,"CSV XLSX",司法・安全・環境,,https://opendata.pref.shizuoka.jp/dataset/fuji-237.html,有,"表示（CC BY）",2018-08-03,2020-03-19,"shubetsuyouto_tsuki.csv shubetsuyouto_tsuki.xlsx"
221309,6552,静岡県,浜松市,種別・用途別火災状況【出火時間別】,消防年報に記載している火災件数等の情報　種別・用途別火災状況【出火時間別】（平成30年度）,"CSV XLSX",司法・安全・環境,,https://opendata.pref.shizuoka.jp/dataset/fuji-236.html,有,"表示（CC BY）",2018-08-03,2020-03-23,"shubetsuyouto_jikan.csv shubetsuyouto_jikan.xlsx"
221309,6551,静岡県,浜松市,気象別火災状況【天気】,消防年報に記載している火災件数等の情報【気象別火災状況（天気）】（平成30年度）,"CSV XLSX",司法・安全・環境,,https://opendata.pref.shizuoka.jp/dataset/fuji-235.html,有,"表示（CC BY）",2018-08-08,2020-03-19,"kisyoubetsu_tenki.csv kisyoubetsu_tenki.xlsx"
221309,6550,静岡県,浜松市,気象別火災状況【風向】,消防年報に記載している火災件数等の情報【気象別火災状況（風向）】（平成30年度）,"CSV XLSX",司法・安全・環境,,https://opendata.pref.shizuoka.jp/dataset/fuji-234.html,有,"表示（CC BY）",2018-08-08,2020-03-19,"kisyoubetsu_kazamuki.csv kisyoubetsu_kazamuki.xlsx"
221309,6549,静岡県,浜松市,気象別火災状況【風速】,消防年報に記載している火災件数等の情報【気象別火災状況（風速）】（平成30年度）,"CSV XLSX",司法・安全・環境,,https://opendata.pref.shizuoka.jp/dataset/fuji-233.html,有,"表示（CC BY）",2018-08-08,2020-03-19,"kisyoubetsu_huusoku.csv kisyoubetsu_huusoku.xlsx"
221309,6548,静岡県,浜松市,気象別火災状況【湿度】,消防年報に記載している火災件数等の情報【気象別火災状況（湿度）】（平成30年度）,"CSV XLSX",司法・安全・環境,,https://opendata.pref.shizuoka.jp/dataset/fuji-232.html,有,"表示（CC BY）",2018-08-08,2020-03-19,"kisyoubetsu_sitsudo.csv kisyoubetsu_sitsudo.xlsx"
221309,6547,静岡県,浜松市,天ぷら油による火災の発生理由,消防年報に記載している火災件数等の情報【天ぷら油による火災の発生理由】（平成30年度）,"CSV XLSX",司法・安全・環境,,https://opendata.pref.shizuoka.jp/dataset/fuji-231.html,有,"表示（CC BY）",2018-08-08,2020-03-19,"tenpura.csv tenpura.xlsx"
221309,6546,静岡県,浜松市,たばこによる火災の発生理由,消防年報に記載している火災件数等の情報【たばこによる火災の発生理由】（平成30年度）,"CSV XLSX",司法・安全・環境,,https://opendata.pref.shizuoka.jp/dataset/fuji-230.html,有,"表示（CC BY）",2018-08-08,2020-03-19,"tabako.csv tabako.xlsx"
221309,6545,静岡県,浜松市,火遊びによる火災の発生状況,消防年報に記載している火災件数等の情報【火遊びによる火災の発生状況】（平成30年度）,"CSV XLSX",司法・安全・環境,,https://opendata.pref.shizuoka.jp/dataset/fuji-229.html,有,"表示（CC BY）",2018-08-08,2020-03-23,"hiasobi.csv hiasobi.xlsx"
221309,6544,静岡県,浜松市,たき火による火災の発生理由,消防年報に記載している火災件数等の情報【たき火による火災の発生理由】（平成30年度）,"CSV XLSX",司法・安全・環境,,https://opendata.pref.shizuoka.jp/dataset/fuji-228.html,有,"表示（CC BY）",2018-08-08,2020-03-23,"takibi.csv takibi.xlsx"
221309,6543,静岡県,浜松市,火災による死者の発生状況,消防年報に記載している火災件数等の情報【火災による死者の発生状況】（平成30年度）,"CSV XLSX",司法・安全・環境,,https://opendata.pref.shizuoka.jp/dataset/fuji-227.html,有,"表示（CC BY）",2018-08-08,2020-03-19,"shisha.csv shisha.xlsx"
221309,6542,静岡県,浜松市,火災状況（対前年比）【火災件数】,消防年報に記載している火災件数等の情報【火災状況（対前年比）（火災件数）】（平成30年度）,"CSV XLSX",司法・安全・環境,,https://opendata.pref.shizuoka.jp/dataset/fuji-226.html,有,"表示（CC BY）",2018-08-14,2020-03-19,"zennen_kasaikensu.csv zennen_kasaikensu.xlsx"
221309,6541,静岡県,浜松市,火災状況（対前年比）【焼損棟数】,消防年報に記載している火災件数等の情報【火災状況（対前年比）（焼損棟数）】（平成30年度）,"CSV XLSX",司法・安全・環境,,https://opendata.pref.shizuoka.jp/dataset/fuji-225.html,有,"表示（CC BY）",2018-08-14,2020-03-19,"zennen_shousontousu.csv zennen_shousontousu.xlsx"
221309,6540,静岡県,浜松市,火災状況（対前年比）【り災】,消防年報に記載している火災件数等の情報【火災状況（対前年比）（り災）】（平成30年度）,"CSV XLSX",司法・安全・環境,,https://opendata.pref.shizuoka.jp/dataset/fuji-224.html,有,"表示（CC BY）",2018-08-14,2020-03-19,"zennen_risai.csv zennen_risai.xlsx"
221309,6539,静岡県,浜松市,火災状況（対前年比）【死傷者】,消防年報に記載している火災件数等の情報【火災状況（対前年比）（死傷者）】（平成30年度）,"CSV XLSX",司法・安全・環境,,https://opendata.pref.shizuoka.jp/dataset/fuji-223.html,有,"表示（CC BY）",2018-08-14,2020-03-19,"zennen_shishosha.csv zennen_shishosha.xlsx"
221309,6538,静岡県,浜松市,火災状況（対前年比）【焼損面積】,消防年報に記載している火災件数等の情報【火災状況（対前年比）（焼損面積）】（平成30年度）,"CSV XLSX",司法・安全・環境,,https://opendata.pref.shizuoka.jp/dataset/fuji-222.html,有,"表示（CC BY）",2018-08-14,2020-03-19,"zennen_shousonmenseki.csv zennen_shousonmenseki.xlsx"
221309,6537,静岡県,浜松市,火災状況（対前年比）【損害額】,消防年報に記載している火災件数等の情報【火災状況（対前年比）（損害額）】（平成30年度）,"CSV XLSX",司法・安全・環境,,https://opendata.pref.shizuoka.jp/dataset/fuji-221.html,有,"表示（CC BY）",2018-08-14,2020-03-19,"zennen_songai.csv zennen_songai.xlsx"
221309,6536,静岡県,浜松市,火災状況（対前年比）【出火率】,消防年報に記載している火災件数等の情報【火災状況（対前年比）（出火率）】（平成30年度）,"CSV XLSX",司法・安全・環境,,https://opendata.pref.shizuoka.jp/dataset/fuji-220.html,有,"表示（CC BY）",2018-08-14,2020-03-19,"zennen_shukkaritsu.csv zennen_shukkaritsu.xlsx"
221309,6535,静岡県,浜松市,署・出張所別火災状況（被害別）【火災種別】,消防年報に記載している火災件数等の情報【署・出張所別火災状況（被害別）（火災種別）】（平成30年度）,"CSV XLSX",司法・安全・環境,,https://opendata.pref.shizuoka.jp/dataset/fuji-219.html,有,"表示（CC BY）",2018-08-14,2020-03-19,"higai_kasaishubetsu.csv higai_kasaishubetsu.xlsx"
221309,6534,静岡県,浜松市,署・出張所別火災状況（被害別）【焼損面積】,消防年報に記載している火災件数等の情報【署・出張所別火災状況（被害別）（焼損面積）】（平成30年度）,"CSV XLSX",司法・安全・環境,,https://opendata.pref.shizuoka.jp/dataset/fuji-218.html,有,"表示（CC BY）",2018-08-14,2020-03-19,"higai_shousonmenseki.csv higai_shousonmenseki.xlsx"
221309,6533,静岡県,浜松市,署・出張所別火災状況（被害別）【損害額】,消防年報に記載している火災件数等の情報【署・出張所別火災状況（被害別）（損害額）】（平成30年度）,"CSV XLSX",司法・安全・環境,,https://opendata.pref.shizuoka.jp/dataset/fuji-217.html,有,"表示（CC BY）",2018-08-14,2020-03-19,"higai_songai.csv higai_songai.xlsx"
221309,6532,静岡県,浜松市,署・出張所別火災状況（被害別）【死傷者】,消防年報に記載している火災件数等の情報【署・出張所別火災状況（被害別）（死傷者）】（平成29年度）,"CSV XLSX",司法・安全・環境,,https://opendata.pref.shizuoka.jp/dataset/fuji-216.html,有,"表示（CC BY）",2018-08-14,2020-03-19,"higai_shishousha.csv higai_shishousha.xlsx"
221309,6531,静岡県,浜松市,火薬類取締法に係る施設数,消防年報に記載している火薬類取締法に係る施設数の情報（平成30年度）,"CSV XLSX",司法・安全・環境,,https://opendata.pref.shizuoka.jp/dataset/fuji-215.html,有,"表示（CC BY）",2018-08-15,2020-03-18,"kayaku_shisetsu.csv kayaku_shisetsu.xlsx"
221309,6530,静岡県,浜松市,火薬類取締法に係る事務処理件数,消防年報に記載している火薬類取締法に係る事務処理件数の情報（平成30年度）,"CSV XLSX",司法・安全・環境,,https://opendata.pref.shizuoka.jp/dataset/fuji-214.html,有,"表示（CC BY）",2018-08-15,2020-03-18,"kayaku_jimu.csv kayaku_jimu.xlsx"
221309,6529,静岡県,浜松市,液化石油ガスに係る事務処理件数,消防年報に記載している液化石油ガスに係る事務処理件数の情報（平成30年度）,"CSV XLSX",司法・安全・環境,,https://opendata.pref.shizuoka.jp/dataset/fuji-213.html,有,"表示（CC BY）",2018-08-15,2020-03-18,"hoan_ekika_jimu.csv hoan_ekika_jimu.xlsx"
221309,6528,静岡県,浜松市,消防水利の現状,消防年報に記載している消防水利の情報（平成30年度）,"CSV XLSX",司法・安全・環境,,https://opendata.pref.shizuoka.jp/dataset/fuji-212.html,有,"表示（CC BY）",2018-08-15,2020-03-12,"shoubousuiri.csv shoubousuiri.xlsx"
221309,6527,静岡県,浜松市,災害出動状況（署別）,消防年報に記載している災害出動件数、救急出動件数等の情報【災害出動状況（署別）】（平成30年度）,"CSV XLSX",司法・安全・環境,,https://opendata.pref.shizuoka.jp/dataset/fuji-211.html,有,"表示（CC BY）",2018-08-15,2020-03-11,"saigaishutsudou_sho.csv saigaishutsudou_sho.xlsx"
221309,6526,静岡県,浜松市,災害出動状況（月別）,消防年報に記載している災害出動件数、救急出動件数等の情報【災害出動状況（月別）】（平成30年度）,"CSV XLSX",司法・安全・環境,,https://opendata.pref.shizuoka.jp/dataset/fuji-210.html,有,"表示（CC BY）",2018-08-15,2020-03-11,"saigaishutsudou_tsuki.csv saigaishutsudou_tsuki.xlsx"
221309,6525,静岡県,浜松市,火災出動状況（署別）,消防年報に記載している災害出動件数、救急出動件数等の情報【火災出動状況（署別）】（平成30年度）,"CSV XLSX",司法・安全・環境,,https://opendata.pref.shizuoka.jp/dataset/fuji-209.html,有,"表示（CC BY）",2018-08-15,2020-03-11,"kasaishutsudou_sho.csv kasaishutsudou_sho.xlsx"
221309,6524,静岡県,浜松市,火災出動状況（月別）,消防年報に記載している災害出動件数、救急出動件数等の情報【火災出動状況（月別）】（平成30年度）,"CSV XLSX",司法・安全・環境,,https://opendata.pref.shizuoka.jp/dataset/fuji-208.html,有,"表示（CC BY）",2018-08-15,2020-03-11,"kasaishutsudou_tsuki.csv kasaishutsudou_tsuki.xlsx"
221309,6523,静岡県,浜松市,火災活動状況（署別）,消防年報に記載している災害出動件数、救急出動件数等の情報【火災活動状況（署別）】（平成30年度）,"CSV XLSX",司法・安全・環境,,https://opendata.pref.shizuoka.jp/dataset/fuji-207.html,有,"表示（CC BY）",2018-08-15,2020-03-11,"kasaikatsudou_sho.csv kasaikatsudou_sho.xlsx"
221309,6522,静岡県,浜松市,火災活動状況（月別）,消防年報に記載している災害出動件数、救急出動件数等の情報【火災活動状況（月別）】（平成30年度）,"CSV XLSX",司法・安全・環境,,https://opendata.pref.shizuoka.jp/dataset/fuji-206.html,有,"表示（CC BY）",2018-08-15,2020-03-11,"kasaikatsudou_tsuki.csv kasaikatsudou_tsuki.xlsx"
221309,6521,静岡県,浜松市,消防車両等の配置状況,消防年報に記載している消防車両等の配置状況の情報（平成30年度）,"CSV XLSX",司法・安全・環境,,https://opendata.pref.shizuoka.jp/dataset/fuji-205.html,有,"表示（CC BY）",2018-08-17,2020-03-11,"sharyouhaichi.csv sharyouhaichi.xlsx"
221309,6520,静岡県,浜松市,救助活動の状況,消防年報に記載している救急出動件数等の情報【救助活動の状況】（平成30年度）,"CSV XLSX",司法・安全・環境,,https://opendata.pref.shizuoka.jp/dataset/fuji-204.html,有,"表示（CC BY）",2018-08-17,2020-03-11,"kyuujo.csv kyuujo.xlsx"
221309,6519,静岡県,浜松市,救助活動の状況【出動活動人員】,消防年報に記載している救急出動件数等の情報【救助活動の状況（出動活動人員）】（平成30年度）,"CSV XLSX",司法・安全・環境,,https://opendata.pref.shizuoka.jp/dataset/fuji-203.html,有,"表示（CC BY）",2018-08-17,2020-03-11,"kyuujo_jinin.csv kyuujo_jinin.xlsx"
221309,6518,静岡県,浜松市,救助活動の状況【出動活動車両】,消防年報に記載している救急出動件数等の情報【救助活動の状況（出動活動車両）】（平成30年度）,"CSV XLSX",司法・安全・環境,,https://opendata.pref.shizuoka.jp/dataset/fuji-202.html,有,"表示（CC BY）",2018-08-17,2020-03-11,"kyuujo_sharyo.csv kyuujo_sharyo.xlsx"
221309,6517,静岡県,浜松市,事故発生場所別救助活動,消防年報に記載している救急出動件数等の情報【事故発生場所別救助活動】（平成30年度）,"CSV XLSX",司法・安全・環境,,https://opendata.pref.shizuoka.jp/dataset/fuji-201.html,有,"表示（CC BY）",2018-08-17,2020-03-11,"jikohasseibasho.csv jikohasseibasho.xlsx"
221309,6516,静岡県,浜松市,過去10年間の救急,消防年報に記載している救急出動件数等の情報【過去10年間の救急】（平成30年度）,"CSV XLSX",司法・安全・環境,,https://opendata.pref.shizuoka.jp/dataset/fuji-200.html,有,"表示（CC BY）",2018-08-20,2020-03-11,"kyukyu.csv kyukyu.xlsx"
221309,6515,静岡県,浜松市,過去10年間の救急（事故種別）,消防年報に記載している救急出動件数等の情報【過去10年間の救急（事故種別）】（平成30年度）,"CSV XLSX",司法・安全・環境,,https://opendata.pref.shizuoka.jp/dataset/fuji-199.html,有,"表示（CC BY）",2018-08-20,2020-03-11,"kyukyu_jiko.csv kyukyu_jiko.xlsx"
221309,6514,静岡県,浜松市,救急自動車による救急件数（曜日別）,消防年報に記載している救急出動件数等の情報【救急自動車による救急件数（曜日別）】（平成30年度）,"CSV XLSX",司法・安全・環境,,https://opendata.pref.shizuoka.jp/dataset/fuji-198.html,有,"表示（CC BY）",2018-08-20,2020-03-11,"kyukyu_youbi.csv kyukyu_youbi.xlsx"
221309,6513,静岡県,浜松市,救急自動車による救急件数（月別）,消防年報に記載している救急出動件数等の情報【救急自動車による救急件数（月別）】（平成30年度）,"CSV XLSX",司法・安全・環境,,https://opendata.pref.shizuoka.jp/dataset/fuji-197.html,有,"表示（CC BY）",2018-08-20,2020-03-11,"kyukyu_tsuki.csv kyukyu_tsuki.xlsx"
221309,6512,静岡県,浜松市,救急自動車による1日の時間別救急件数,消防年報に記載している救急出動件数等の情報【救急自動車による1日の時間別救急件数】（平成30年度）,"CSV XLSX",司法・安全・環境,,https://opendata.pref.shizuoka.jp/dataset/fuji-196.html,有,"表示（CC BY）",2018-08-20,2020-03-11,"kyukyu_jikan.csv kyukyu_jikan.xlsx"
221309,6511,静岡県,浜松市,救急自動車による事故種別・年齢区分別・傷病程度別の搬送人員,消防年報に記載している救急出動件数等の情報【救急自動車による事故種別・年齢区分別・傷病程度別の搬送人員】（平成30年度）,"CSV XLSX",司法・安全・環境,,https://opendata.pref.shizuoka.jp/dataset/fuji-195.html,有,"表示（CC BY）",2018-08-20,2020-03-12,"kyukyu_nenrei.csv kyukyu_nenrei.xlsx"
221309,6510,静岡県,浜松市,救急自動車による事故発生（救護）場所別の搬送人員,消防年報に記載している救急出動件数等の情報【救急自動車による事故発生（救護）場所別の搬送人員】（平成30年度）,"CSV XLSX",司法・安全・環境,,https://opendata.pref.shizuoka.jp/dataset/fuji-194.html,有,"表示（CC BY）",2018-08-20,2020-03-12,"kyukyu_jikohasseibasho.csv kyukyu_jikohasseibasho.xlsx"
221309,6509,静岡県,浜松市,救急自動車による高速道路過去10年間の救急件数,消防年報に記載している救急出動件数等の情報【救急自動車による高速道路過去10年間の救急件数】（平成30年度）,"CSV XLSX",司法・安全・環境,,https://opendata.pref.shizuoka.jp/dataset/fuji-193.html,有,"表示（CC BY）",2018-08-20,2020-03-12,"kyukyu_kousoku.csv kyukyu_kousoku.xlsx"
221309,6508,静岡県,浜松市,救急自動車による不搬送理由別事故種別件数,消防年報に記載している救急出動件数等の情報【救急自動車による不搬送理由別事故種別件数】（平成30年度）,"CSV XLSX",司法・安全・環境,,https://opendata.pref.shizuoka.jp/dataset/fuji-192.html,有,"表示（CC BY）",2018-08-20,2020-03-12,"kyukyu_huhansou.csv kyukyu_huhansou.xlsx"
221309,6507,静岡県,浜松市,運航状況,消防年報に記載している救急出動件数等の情報【運航状況】（平成30年度）,"CSV XLSX",司法・安全・環境,,https://opendata.pref.shizuoka.jp/dataset/fuji-191.html,有,"表示（CC BY）",2018-08-20,2020-03-12,"koukuu_unkou.csv koukuu_unkou.xlsx"
221309,6506,静岡県,浜松市,地域別の活動状況（運航）,消防年報に記載している救急出動件数等の情報【地域別の活動状況（運航）】（平成30年度）,"CSV XLSX",司法・安全・環境,,https://opendata.pref.shizuoka.jp/dataset/fuji-190.html,有,"表示（CC BY）",2018-08-20,2020-03-12,"koukuu_chiiki.csv koukuu_chiiki.xlsx"
221309,6505,静岡県,浜松市,中心市街地歩行量調査地点,浜松駅周辺の27地点令和元年度から調査地点を追加し、27地点で調査を実施（平成30年度は26地点）,"CSV XLSX",人口・世帯,,https://opendata.pref.shizuoka.jp/dataset/fuji-189.html,有,"表示（CC BY）",2018-08-29,2020-04-07,"hokouryotiten.csv hokouryotiten.xlsx"
221309,6504,静岡県,浜松市,中心市街地歩行量調査（地点）（平日）,平日の調査地点を通過する歩行量を10時間観測令和元年度から調査地点を追加し、27地点で調査を実施（平成30年度は26地点）,"CSV XLSX",人口・世帯,,https://opendata.pref.shizuoka.jp/dataset/fuji-188.html,有,"表示（CC BY）",2018-08-29,2020-04-07,"hokouryotiten_heijitsu.csv hokouryotiten_heijitsu.xlsx"
221309,6503,静岡県,浜松市,中心市街地歩行量調査（地点）（休日）,休日の調査地点を通過する歩行量を10時間観測令和元年度から調査地点を追加し、27地点で調査を実施（平成30年度は26地点）,"CSV XLSX",人口・世帯,,https://opendata.pref.shizuoka.jp/dataset/fuji-187.html,有,"表示（CC BY）",2018-08-29,2020-04-07,"hokouryotiten_kyuujittsu.csv hokouryotiten_kyuujittsu.xlsx"
221309,6502,静岡県,浜松市,中心市街地歩行量調査（時間推移）,調査地点を通過する歩行量を10時間観測。各時間帯の数値は実測値。令和元年度から調査地点を追加し、27地点で調査を実施（平成30年度は26地点）,"CSV XLSX",人口・世帯,,https://opendata.pref.shizuoka.jp/dataset/fuji-186.html,有,"表示（CC BY）",2018-08-29,2020-04-07,"hokouryo_jikansuii.csv hokouryo_jikansuii.xlsx"
221309,6501,静岡県,浜松市,浜松市休日在宅当番医,当番医は、3日前から公開します。（当番医は、変更になる場合があります）現在公開中の休日当番医：2020年7月5日（日曜日）,"CSV XLSX",社会保障・衛生,日曜日または祝日の3日前,https://opendata.pref.shizuoka.jp/dataset/fuji-185.html,有,"表示（CC BY）",2018-12-01,2020-07-02,"iryo_kyujitsu.csv iryo_kyujitsu.xlsx"
221309,6500,静岡県,浜松市,子育て支援ひろば開館日,子育て支援ひろば25施設の開館日と時間（現在公開中のデータ：2020年7月）,"CSV XLSX",教育・文化・スポーツ・生活,,https://opendata.pref.shizuoka.jp/dataset/fuji-184.html,有,"表示（CC BY）",2018-12-01,2020-06-25,"ko_hiroba_open.csv ko_hiroba_open.xlsx"
